x-axis,1,2
second,Volt,Volt
-2.500000E-03,-1.073527604E+00,-13.631909637E+00
-2.497500E-03,-1.128803986E+00,-13.669598079E+00
-2.495000E-03,-967.999967E-03,-13.569095566E+00
-2.492500E-03,-912.723586E-03,-13.669598079E+00
-2.490000E-03,-912.723586E-03,-13.569095566E+00
-2.487500E-03,-832.321577E-03,-13.506281495E+00
-2.485000E-03,-832.321577E-03,-13.707286522E+00
-2.482500E-03,-832.321577E-03,-13.506281495E+00
-2.480000E-03,-751.919568E-03,-13.631909637E+00
-2.477500E-03,-751.919568E-03,-13.531407123E+00
-2.475000E-03,-701.668312E-03,-13.707286522E+00
-2.472500E-03,-661.467307E-03,-13.669598079E+00
-2.470000E-03,-591.115549E-03,-13.631909637E+00
-2.467500E-03,-525.788917E-03,-13.707286522E+00
-2.465000E-03,-565.989921E-03,-13.707286522E+00
-2.462500E-03,-591.115549E-03,-13.707286522E+00
-2.460000E-03,-510.713540E-03,-13.707286522E+00
-2.457500E-03,-500.663289E-03,-13.669598079E+00
-2.455000E-03,-324.783894E-03,-13.631909637E+00
-2.452500E-03,-284.582889E-03,-13.506281495E+00
-2.450000E-03,-349.909522E-03,-13.707286522E+00
-2.447500E-03,-269.507512E-03,-13.732412150E+00
-2.445000E-03,-244.381885E-03,-13.569095566E+00
-2.442500E-03,-204.180880E-03,-13.669598079E+00
-2.440000E-03,-189.105503E-03,-13.707286522E+00
-2.437500E-03,-108.703494E-03,-13.669598079E+00
-2.435000E-03,-83.577866E-03,-13.569095566E+00
-2.432500E-03,-98.653243E-03,-13.506281495E+00
-2.430000E-03,-28.301485E-03,-13.569095566E+00
-2.427500E-03,+37.025148E-03,-13.631909637E+00
-2.425000E-03,+21.949771E-03,-13.707286522E+00
-2.422500E-03,+37.025148E-03,-13.707286522E+00
-2.420000E-03,+132.502533E-03,-13.506281495E+00
-2.417500E-03,+62.150775E-03,-13.707286522E+00
-2.415000E-03,+132.502533E-03,-13.631909637E+00
-2.412500E-03,+197.829166E-03,-13.707286522E+00
-2.410000E-03,+263.155798E-03,-13.569095566E+00
-2.407500E-03,+278.231175E-03,-13.531407123E+00
-2.405000E-03,+318.432180E-03,-13.631909637E+00
-2.402500E-03,+358.633184E-03,-13.531407123E+00
-2.400000E-03,+373.708561E-03,-13.506281495E+00
-2.397500E-03,+454.110570E-03,-13.669598079E+00
-2.395000E-03,+454.110570E-03,-13.506281495E+00
-2.392500E-03,+519.437203E-03,-13.669598079E+00
-2.390000E-03,+504.361826E-03,-13.506281495E+00
-2.387500E-03,+614.914589E-03,-13.531407123E+00
-2.385000E-03,+584.763835E-03,-13.569095566E+00
-2.382500E-03,+680.241221E-03,-13.506281495E+00
-2.380000E-03,+695.316598E-03,-13.707286522E+00
-2.377500E-03,+695.316598E-03,-13.669598079E+00
-2.375000E-03,+640.040217E-03,-13.506281495E+00
-2.372500E-03,+760.643230E-03,-13.707286522E+00
-2.370000E-03,+800.844235E-03,-13.707286522E+00
-2.367500E-03,+825.969863E-03,-13.669598079E+00
-2.365000E-03,+856.120616E-03,-13.569095566E+00
-2.362500E-03,+866.170867E-03,-13.669598079E+00
-2.360000E-03,+936.522625E-03,-13.506281495E+00
-2.357500E-03,+936.522625E-03,-13.707286522E+00
-2.355000E-03,+961.648253E-03,-13.707286522E+00
-2.352500E-03,+1.016924635E+00,-13.669598079E+00
-2.350000E-03,+1.067175890E+00,-13.631909637E+00
-2.347500E-03,+1.107376895E+00,-13.531407123E+00
-2.345000E-03,+1.097326644E+00,-13.506281495E+00
-2.342500E-03,+1.097326644E+00,-13.669598079E+00
-2.340000E-03,+1.177728653E+00,-13.506281495E+00
-2.337500E-03,+1.177728653E+00,-13.669598079E+00
-2.335000E-03,+1.338532671E+00,-13.707286522E+00
-2.332500E-03,+1.258130662E+00,-13.506281495E+00
-2.330000E-03,+1.283256290E+00,-13.430904610E+00
-2.327500E-03,+1.348582922E+00,-13.669598079E+00
-2.325000E-03,+1.388783927E+00,-13.506281495E+00
-2.322500E-03,+1.418934681E+00,-13.506281495E+00
-2.320000E-03,+1.469185936E+00,-13.506281495E+00
-2.317500E-03,+1.418934681E+00,-13.669598079E+00
-2.315000E-03,+1.549587945E+00,-13.631909637E+00
-2.312500E-03,+1.564663322E+00,-13.707286522E+00
-2.310000E-03,+1.629989955E+00,-13.569095566E+00
-2.307500E-03,+1.645065331E+00,-13.707286522E+00
-2.305000E-03,+1.685266336E+00,-13.631909637E+00
-2.302500E-03,+1.740542717E+00,-13.506281495E+00
-2.300000E-03,+1.710391964E+00,-13.707286522E+00
-2.297500E-03,+1.725467341E+00,-13.669598079E+00
-2.295000E-03,+1.765668345E+00,-12.903266415E+00
-2.292500E-03,+1.750592968E+00,-12.061557866E+00
-2.290000E-03,+1.871195982E+00,-11.157035246E+00
-2.287500E-03,+1.830994978E+00,-10.114321670E+00
-2.285000E-03,+1.901346736E+00,-9.146984979E+00
-2.282500E-03,+1.981748745E+00,-8.242462358E+00
-2.280000E-03,+1.901346736E+00,-7.275125667E+00
-2.277500E-03,+1.901346736E+00,-6.270100534E+00
-2.275000E-03,+1.926472364E+00,-5.327889471E+00
-2.272500E-03,+1.991798996E+00,-4.260050267E+00
-2.270000E-03,+1.981748745E+00,-3.456030160E+00
-2.267500E-03,+1.981748745E+00,-2.451005027E+00
-2.265000E-03,+1.981748745E+00,-1.584170849E+00
-2.262500E-03,+1.981748745E+00,-641.959786E-03
-2.260000E-03,+1.951597991E+00,-38.944706E-03
-2.257500E-03,+1.981748745E+00,+162.060320E-03
-2.255000E-03,+2.167678391E+00,+564.070374E-03
-2.252500E-03,+2.313407033E+00,+1.393216109E+00
-2.250000E-03,+1.981748745E+00,+2.234924658E+00
-2.247500E-03,+1.981748745E+00,+3.177135721E+00
-2.245000E-03,+1.981748745E+00,+4.182160854E+00
-2.242500E-03,+1.981748745E+00,+5.011306589E+00
-2.240000E-03,+1.901346736E+00,+6.116834236E+00
-2.237500E-03,+1.740542717E+00,+6.920854343E+00
-2.235000E-03,+1.846070354E+00,+7.523869423E+00
-2.232500E-03,+1.790793973E+00,+8.667085513E+00
-2.230000E-03,+1.901346736E+00,+10.074120699E+00
-2.227500E-03,+1.700341713E+00,+10.375628239E+00
-2.225000E-03,+1.740542717E+00,+11.820351869E+00
-2.222500E-03,+1.589788950E+00,+12.310301621E+00
-2.220000E-03,+1.629989955E+00,+13.353015197E+00
-2.217500E-03,+1.645065331E+00,+13.227387056E+00
-2.215000E-03,+1.524462318E+00,+13.227387056E+00
-2.212500E-03,+1.579738699E+00,+13.227387056E+00
-2.210000E-03,+1.549587945E+00,+13.353015197E+00
-2.207500E-03,+1.428984932E+00,+13.428392082E+00
-2.205000E-03,+1.418934681E+00,+13.152010171E+00
-2.202500E-03,+1.348582922E+00,+13.227387056E+00
-2.200000E-03,+1.388783927E+00,+13.227387056E+00
-2.197500E-03,+1.258130662E+00,+13.227387056E+00
-2.195000E-03,+1.258130662E+00,+13.428392082E+00
-2.192500E-03,+1.177728653E+00,+13.227387056E+00
-2.190000E-03,+1.202854281E+00,+13.227387056E+00
-2.187500E-03,+1.107376895E+00,+13.390703640E+00
-2.185000E-03,+1.097326644E+00,+13.227387056E+00
-2.182500E-03,+1.082251267E+00,+13.428392082E+00
-2.180000E-03,+1.016924635E+00,+13.227387056E+00
-2.177500E-03,+1.016924635E+00,+13.390703640E+00
-2.175000E-03,+1.016924635E+00,+13.227387056E+00
-2.172500E-03,+936.522625E-03,+13.390703640E+00
-2.170000E-03,+856.120616E-03,+13.227387056E+00
-2.167500E-03,+856.120616E-03,+13.227387056E+00
-2.165000E-03,+825.969863E-03,+13.290201127E+00
-2.162500E-03,+785.768858E-03,+13.252512684E+00
-2.160000E-03,+775.718607E-03,+13.290201127E+00
-2.157500E-03,+760.643230E-03,+13.252512684E+00
-2.155000E-03,+695.316598E-03,+13.290201127E+00
-2.152500E-03,+695.316598E-03,+13.227387056E+00
-2.150000E-03,+665.165844E-03,+13.290201127E+00
-2.147500E-03,+534.512579E-03,+13.227387056E+00
-2.145000E-03,+534.512579E-03,+13.227387056E+00
-2.142500E-03,+519.437203E-03,+13.227387056E+00
-2.140000E-03,+454.110570E-03,+13.227387056E+00
-2.137500E-03,+454.110570E-03,+13.252512684E+00
-2.135000E-03,+373.708561E-03,+13.227387056E+00
-2.132500E-03,+358.633184E-03,+13.189698613E+00
-2.130000E-03,+373.708561E-03,+13.227387056E+00
-2.127500E-03,+303.356803E-03,+13.252512684E+00
-2.125000E-03,+293.306552E-03,+13.290201127E+00
-2.122500E-03,+358.633184E-03,+13.227387056E+00
-2.120000E-03,+263.155798E-03,+13.290201127E+00
-2.117500E-03,+197.829166E-03,+13.390703640E+00
-2.115000E-03,+132.502533E-03,+13.152010171E+00
-2.112500E-03,+52.100524E-03,+13.227387056E+00
-2.110000E-03,+132.502533E-03,+13.428392082E+00
-2.107500E-03,+52.100524E-03,+13.390703640E+00
-2.105000E-03,-58.452238E-03,+13.227387056E+00
-2.102500E-03,-43.376862E-03,+13.252512684E+00
-2.100000E-03,-58.452238E-03,+13.227387056E+00
-2.097500E-03,-43.376862E-03,+13.428392082E+00
-2.095000E-03,-163.979875E-03,+13.290201127E+00
-2.092500E-03,-179.055252E-03,+13.227387056E+00
-2.090000E-03,-189.105503E-03,+13.227387056E+00
-2.087500E-03,-259.457261E-03,+13.428392082E+00
-2.085000E-03,-219.256257E-03,+13.227387056E+00
-2.082500E-03,-269.507512E-03,+13.252512684E+00
-2.080000E-03,-269.507512E-03,+13.227387056E+00
-2.077500E-03,-349.909522E-03,+13.252512684E+00
-2.075000E-03,-349.909522E-03,+13.227387056E+00
-2.072500E-03,-349.909522E-03,+13.189698613E+00
-2.070000E-03,-485.587912E-03,+13.353015197E+00
-2.067500E-03,-500.663289E-03,+13.227387056E+00
-2.065000E-03,-540.864293E-03,+13.089196100E+00
-2.062500E-03,-591.115549E-03,+13.390703640E+00
-2.060000E-03,-591.115549E-03,+13.227387056E+00
-2.057500E-03,-606.190926E-03,+13.227387056E+00
-2.055000E-03,-621.266303E-03,+13.152010171E+00
-2.052500E-03,-671.517558E-03,+13.252512684E+00
-2.050000E-03,-646.391931E-03,+13.227387056E+00
-2.047500E-03,-766.994944E-03,+13.227387056E+00
-2.045000E-03,-807.195949E-03,+13.353015197E+00
-2.042500E-03,-832.321577E-03,+13.227387056E+00
-2.040000E-03,-751.919568E-03,+13.428392082E+00
-2.037500E-03,-766.994944E-03,+13.390703640E+00
-2.035000E-03,-912.723586E-03,+13.227387056E+00
-2.032500E-03,-912.723586E-03,+13.390703640E+00
-2.030000E-03,-942.874339E-03,+13.353015197E+00
-2.027500E-03,-993.125595E-03,+13.428392082E+00
-2.025000E-03,-993.125595E-03,+13.227387056E+00
-2.022500E-03,-1.073527604E+00,+13.252512684E+00
-2.020000E-03,-1.023276349E+00,+13.428392082E+00
-2.017500E-03,-1.153929614E+00,+13.252512684E+00
-2.015000E-03,-1.153929614E+00,+13.428392082E+00
-2.012500E-03,-1.224281372E+00,+13.227387056E+00
-2.010000E-03,-1.234331623E+00,+13.227387056E+00
-2.007500E-03,-1.249406999E+00,+13.227387056E+00
-2.005000E-03,-1.289608004E+00,+13.353015197E+00
-2.002500E-03,-1.249406999E+00,+13.390703640E+00
-2.000000E-03,-1.314733632E+00,+13.353015197E+00
-1.997500E-03,-1.410211018E+00,+13.428392082E+00
-1.995000E-03,-1.475537650E+00,+13.428392082E+00
-1.992500E-03,-1.475537650E+00,+13.189698613E+00
-1.990000E-03,-1.475537650E+00,+13.227387056E+00
-1.987500E-03,-1.555939659E+00,+13.227387056E+00
-1.985000E-03,-1.555939659E+00,+12.611809161E+00
-1.982500E-03,-1.571015036E+00,+11.908291568E+00
-1.980000E-03,-1.611216041E+00,+11.003768948E+00
-1.977500E-03,-1.716743678E+00,+9.571608133E+00
-1.975000E-03,-1.716743678E+00,+8.528894557E+00
-1.972500E-03,-1.586090413E+00,+7.800251335E+00
-1.970000E-03,-1.691618050E+00,+7.197236255E+00
-1.967500E-03,-1.716743678E+00,+5.853015139E+00
-1.965000E-03,-1.716743678E+00,+5.048995032E+00
-1.962500E-03,-1.797145687E+00,+4.043969898E+00
-1.960000E-03,-1.746894431E+00,+2.900753809E+00
-1.957500E-03,-1.787095436E+00,+1.971105561E+00
-1.955000E-03,-1.746894431E+00,+1.028894498E+00
-1.952500E-03,-1.787095436E+00,+162.060320E-03
-1.950000E-03,-2.279557742E+00,-641.959786E-03
-1.947500E-03,-1.731819055E+00,-239.949733E-03
-1.945000E-03,-1.797145687E+00,-1.244974867E+00
-1.942500E-03,-1.731819055E+00,-2.250000000E+00
-1.940000E-03,-1.716743678E+00,-3.116834178E+00
-1.937500E-03,-1.716743678E+00,-4.184673382E+00
-1.935000E-03,-1.716743678E+00,-5.189698515E+00
-1.932500E-03,-1.706693427E+00,-6.194723649E+00
-1.930000E-03,-1.691618050E+00,-7.275125667E+00
-1.927500E-03,-1.555939659E+00,-8.280150801E+00
-1.925000E-03,-1.611216041E+00,-9.285175934E+00
-1.922500E-03,-1.571015036E+00,-10.290201068E+00
-1.920000E-03,-1.555939659E+00,-11.295226201E+00
-1.917500E-03,-1.490613027E+00,-12.099246308E+00
-1.915000E-03,-1.475537650E+00,-13.167085513E+00
-1.912500E-03,-1.410211018E+00,-13.669598079E+00
-1.910000E-03,-1.370010013E+00,-13.506281495E+00
-1.907500E-03,-1.314733632E+00,-13.669598079E+00
-1.905000E-03,-1.289608004E+00,-13.569095566E+00
-1.902500E-03,-1.304683381E+00,-13.506281495E+00
-1.900000E-03,-1.184080367E+00,-13.569095566E+00
-1.897500E-03,-1.169004990E+00,-13.531407123E+00
-1.895000E-03,-1.184080367E+00,-13.506281495E+00
-1.892500E-03,-1.143879362E+00,-13.506281495E+00
-1.890000E-03,-1.023276349E+00,-13.506281495E+00
-1.887500E-03,-993.125595E-03,-13.669598079E+00
-1.885000E-03,-1.023276349E+00,-13.631909637E+00
-1.882500E-03,-993.125595E-03,-13.531407123E+00
-1.880000E-03,-912.723586E-03,-13.506281495E+00
-1.877500E-03,-902.673335E-03,-13.669598079E+00
-1.875000E-03,-751.919568E-03,-13.707286522E+00
-1.872500E-03,-766.994944E-03,-13.707286522E+00
-1.870000E-03,-751.919568E-03,-13.506281495E+00
-1.867500E-03,-671.517558E-03,-13.669598079E+00
-1.865000E-03,-671.517558E-03,-13.506281495E+00
-1.862500E-03,-606.190926E-03,-13.669598079E+00
-1.860000E-03,-591.115549E-03,-13.506281495E+00
-1.857500E-03,-591.115549E-03,-13.506281495E+00
-1.855000E-03,-460.462284E-03,-13.707286522E+00
-1.852500E-03,-430.311531E-03,-13.506281495E+00
-1.850000E-03,-460.462284E-03,-13.569095566E+00
-1.847500E-03,-420.261280E-03,-13.531407123E+00
-1.845000E-03,-349.909522E-03,-13.506281495E+00
-1.842500E-03,-364.984898E-03,-13.631909637E+00
-1.840000E-03,-299.658266E-03,-13.506281495E+00
-1.837500E-03,-204.180880E-03,-13.669598079E+00
-1.835000E-03,-244.381885E-03,-13.506281495E+00
-1.832500E-03,-189.105503E-03,-13.707286522E+00
-1.830000E-03,-189.105503E-03,-13.707286522E+00
-1.827500E-03,-123.778871E-03,-13.506281495E+00
-1.825000E-03,-58.452238E-03,-13.506281495E+00
-1.822500E-03,-28.301485E-03,-13.531407123E+00
-1.820000E-03,-28.301485E-03,-13.569095566E+00
-1.817500E-03,+37.025148E-03,-13.669598079E+00
-1.815000E-03,-3.175857E-03,-13.631909637E+00
-1.812500E-03,+62.150775E-03,-13.707286522E+00
-1.810000E-03,+182.753789E-03,-13.707286522E+00
-1.807500E-03,+132.502533E-03,-13.506281495E+00
-1.805000E-03,+293.306552E-03,-13.631909637E+00
-1.802500E-03,+278.231175E-03,-13.707286522E+00
-1.800000E-03,+212.904543E-03,-13.707286522E+00
-1.797500E-03,+293.306552E-03,-13.531407123E+00
-1.795000E-03,+373.708561E-03,-13.506281495E+00
-1.792500E-03,+318.432180E-03,-13.707286522E+00
-1.790000E-03,+373.708561E-03,-13.631909637E+00
-1.787500E-03,+454.110570E-03,-13.506281495E+00
-1.785000E-03,+454.110570E-03,-13.569095566E+00
-1.782500E-03,+519.437203E-03,-13.531407123E+00
-1.780000E-03,+534.512579E-03,-13.506281495E+00
-1.777500E-03,+599.839212E-03,-13.531407123E+00
-1.775000E-03,+614.914589E-03,-13.707286522E+00
-1.772500E-03,+695.316598E-03,-13.707286522E+00
-1.770000E-03,+695.316598E-03,-13.569095566E+00
-1.767500E-03,+695.316598E-03,-13.669598079E+00
-1.765000E-03,+825.969863E-03,-13.707286522E+00
-1.762500E-03,+775.718607E-03,-13.669598079E+00
-1.760000E-03,+825.969863E-03,-13.506281495E+00
-1.757500E-03,+856.120616E-03,-13.531407123E+00
-1.755000E-03,+906.371872E-03,-13.506281495E+00
-1.752500E-03,+856.120616E-03,-13.531407123E+00
-1.750000E-03,+881.246244E-03,-13.707286522E+00
-1.747500E-03,+936.522625E-03,-13.732412150E+00
-1.745000E-03,+986.773881E-03,-13.707286522E+00
-1.742500E-03,+1.016924635E+00,-13.707286522E+00
-1.740000E-03,+1.097326644E+00,-13.506281495E+00
-1.737500E-03,+1.162653276E+00,-13.669598079E+00
-1.735000E-03,+1.122452272E+00,-13.569095566E+00
-1.732500E-03,+1.187778904E+00,-13.707286522E+00
-1.730000E-03,+1.177728653E+00,-13.707286522E+00
-1.727500E-03,+1.258130662E+00,-13.669598079E+00
-1.725000E-03,+1.258130662E+00,-13.631909637E+00
-1.722500E-03,+1.268180913E+00,-13.707286522E+00
-1.720000E-03,+1.363658299E+00,-13.506281495E+00
-1.717500E-03,+1.388783927E+00,-13.669598079E+00
-1.715000E-03,+1.418934681E+00,-13.631909637E+00
-1.712500E-03,+1.418934681E+00,-13.669598079E+00
-1.710000E-03,+1.444060308E+00,-13.569095566E+00
-1.707500E-03,+1.499336690E+00,-13.506281495E+00
-1.705000E-03,+1.524462318E+00,-13.707286522E+00
-1.702500E-03,+1.579738699E+00,-13.531407123E+00
-1.700000E-03,+1.579738699E+00,-13.506281495E+00
-1.697500E-03,+1.660140708E+00,-13.531407123E+00
-1.695000E-03,+1.685266336E+00,-13.631909637E+00
-1.692500E-03,+1.805869350E+00,-13.506281495E+00
-1.690000E-03,+1.740542717E+00,-13.569095566E+00
-1.687500E-03,+1.740542717E+00,-13.330402097E+00
-1.685000E-03,+1.820944726E+00,-12.099246308E+00
-1.682500E-03,+1.830994978E+00,-11.496231228E+00
-1.680000E-03,+1.820944726E+00,-10.491206095E+00
-1.677500E-03,+1.966673368E+00,-9.511306589E+00
-1.675000E-03,+1.926472364E+00,-8.481155828E+00
-1.672500E-03,+1.901346736E+00,-7.476130694E+00
-1.670000E-03,+1.901346736E+00,-6.533919632E+00
-1.667500E-03,+2.032000001E+00,-5.667085454E+00
-1.665000E-03,+1.926472364E+00,-4.787688462E+00
-1.662500E-03,+1.991798996E+00,-3.858040214E+00
-1.660000E-03,+1.926472364E+00,-2.853015080E+00
-1.657500E-03,+1.981748745E+00,-1.847989947E+00
-1.655000E-03,+2.062150754E+00,-842.964813E-03
-1.652500E-03,+1.981748745E+00,-76.633149E-03
-1.650000E-03,+2.006874373E+00,+86.683435E-03
-1.647500E-03,+2.047075377E+00,+124.371878E-03
-1.645000E-03,+2.675216074E+00,+1.167085454E+00
-1.642500E-03,+1.981748745E+00,+1.933417118E+00
-1.640000E-03,+1.951597991E+00,+3.101758836E+00
-1.637500E-03,+1.966673368E+00,+4.144472412E+00
-1.635000E-03,+1.926472364E+00,+5.048995032E+00
-1.632500E-03,+2.032000001E+00,+5.915829210E+00
-1.630000E-03,+1.846070354E+00,+6.858040272E+00
-1.627500E-03,+1.820944726E+00,+7.687186007E+00
-1.625000E-03,+2.032000001E+00,+8.868090539E+00
-1.622500E-03,+1.966673368E+00,+9.973618186E+00
-1.620000E-03,+1.790793973E+00,+10.538944824E+00
-1.617500E-03,+1.820944726E+00,+11.443467444E+00
-1.615000E-03,+1.579738699E+00,+12.222361922E+00
-1.612500E-03,+1.660140708E+00,+13.189698613E+00
-1.610000E-03,+1.629989955E+00,+13.227387056E+00
-1.607500E-03,+1.579738699E+00,+13.252512684E+00
-1.605000E-03,+1.579738699E+00,+13.152010171E+00
-1.602500E-03,+1.509386941E+00,+13.390703640E+00
-1.600000E-03,+1.579738699E+00,+13.152010171E+00
-1.597500E-03,+1.469185936E+00,+13.252512684E+00
-1.595000E-03,+1.363658299E+00,+13.227387056E+00
-1.592500E-03,+1.348582922E+00,+13.227387056E+00
-1.590000E-03,+1.338532671E+00,+13.290201127E+00
-1.587500E-03,+1.258130662E+00,+13.089196100E+00
-1.585000E-03,+1.258130662E+00,+13.353015197E+00
-1.582500E-03,+1.243055285E+00,+13.252512684E+00
-1.580000E-03,+1.097326644E+00,+13.227387056E+00
-1.577500E-03,+1.107376895E+00,+13.189698613E+00
-1.575000E-03,+1.097326644E+00,+13.290201127E+00
-1.572500E-03,+1.097326644E+00,+13.390703640E+00
-1.570000E-03,+1.016924635E+00,+13.353015197E+00
-1.567500E-03,+1.082251267E+00,+13.227387056E+00
-1.565000E-03,+986.773881E-03,+13.152010171E+00
-1.562500E-03,+921.447249E-03,+13.252512684E+00
-1.560000E-03,+906.371872E-03,+13.227387056E+00
-1.557500E-03,+856.120616E-03,+13.252512684E+00
-1.555000E-03,+856.120616E-03,+13.290201127E+00
-1.552500E-03,+705.366849E-03,+13.227387056E+00
-1.550000E-03,+745.567854E-03,+13.227387056E+00
-1.547500E-03,+760.643230E-03,+13.227387056E+00
-1.545000E-03,+640.040217E-03,+13.089196100E+00
-1.542500E-03,+614.914589E-03,+13.428392082E+00
-1.540000E-03,+559.638207E-03,+13.290201127E+00
-1.537500E-03,+614.914589E-03,+13.428392082E+00
-1.535000E-03,+534.512579E-03,+13.227387056E+00
-1.532500E-03,+464.160821E-03,+13.390703640E+00
-1.530000E-03,+454.110570E-03,+13.353015197E+00
-1.527500E-03,+383.758812E-03,+13.252512684E+00
-1.525000E-03,+423.959817E-03,+13.227387056E+00
-1.522500E-03,+373.708561E-03,+13.591708667E+00
-1.520000E-03,+373.708561E-03,+13.491206153E+00
-1.517500E-03,+343.557808E-03,+13.428392082E+00
-1.515000E-03,+263.155798E-03,+13.089196100E+00
-1.512500E-03,+142.552785E-03,+13.189698613E+00
-1.510000E-03,+157.628161E-03,+13.290201127E+00
-1.507500E-03,+142.552785E-03,+13.390703640E+00
-1.505000E-03,+132.502533E-03,+13.227387056E+00
-1.502500E-03,+52.100524E-03,+13.390703640E+00
-1.500000E-03,+52.100524E-03,+13.227387056E+00
-1.497500E-03,+37.025148E-03,+13.428392082E+00
-1.495000E-03,+52.100524E-03,+13.290201127E+00
-1.492500E-03,-18.251234E-03,+13.428392082E+00
-1.490000E-03,-83.577866E-03,+13.227387056E+00
-1.487500E-03,-18.251234E-03,+13.390703640E+00
-1.485000E-03,-108.703494E-03,+13.227387056E+00
-1.482500E-03,-123.778871E-03,+13.428392082E+00
-1.480000E-03,-189.105503E-03,+13.227387056E+00
-1.477500E-03,-189.105503E-03,+13.252512684E+00
-1.475000E-03,-269.507512E-03,+13.290201127E+00
-1.472500E-03,-269.507512E-03,+13.428392082E+00
-1.470000E-03,-349.909522E-03,+13.227387056E+00
-1.467500E-03,-349.909522E-03,+13.428392082E+00
-1.465000E-03,-380.060275E-03,+13.227387056E+00
-1.462500E-03,-420.261280E-03,+13.227387056E+00
-1.460000E-03,-460.462284E-03,+13.428392082E+00
-1.457500E-03,-510.713540E-03,+13.390703640E+00
-1.455000E-03,-510.713540E-03,+13.353015197E+00
-1.452500E-03,-581.065298E-03,+13.428392082E+00
-1.450000E-03,-621.266303E-03,+13.290201127E+00
-1.447500E-03,-606.190926E-03,+13.227387056E+00
-1.445000E-03,-646.391931E-03,+13.227387056E+00
-1.442500E-03,-671.517558E-03,+13.227387056E+00
-1.440000E-03,-701.668312E-03,+13.227387056E+00
-1.437500E-03,-832.321577E-03,+13.591708667E+00
-1.435000E-03,-782.070321E-03,+13.290201127E+00
-1.432500E-03,-751.919568E-03,+13.089196100E+00
-1.430000E-03,-807.195949E-03,+13.353015197E+00
-1.427500E-03,-847.396953E-03,+13.353015197E+00
-1.425000E-03,-912.723586E-03,+13.227387056E+00
-1.422500E-03,-927.798963E-03,+13.227387056E+00
-1.420000E-03,-967.999967E-03,+13.227387056E+00
-1.417500E-03,-993.125595E-03,+13.428392082E+00
-1.415000E-03,-993.125595E-03,+13.152010171E+00
-1.412500E-03,-1.143879362E+00,+13.252512684E+00
-1.410000E-03,-1.153929614E+00,+13.290201127E+00
-1.407500E-03,-1.153929614E+00,+13.252512684E+00
-1.405000E-03,-1.264482376E+00,+13.353015197E+00
-1.402500E-03,-1.224281372E+00,+13.227387056E+00
-1.400000E-03,-1.234331623E+00,+13.353015197E+00
-1.397500E-03,-1.234331623E+00,+13.051507657E+00
-1.395000E-03,-1.314733632E+00,+13.227387056E+00
-1.392500E-03,-1.314733632E+00,+13.428392082E+00
-1.390000E-03,-1.370010013E+00,+13.428392082E+00
-1.387500E-03,-1.395135641E+00,+13.390703640E+00
-1.385000E-03,-1.395135641E+00,+13.227387056E+00
-1.382500E-03,-1.545889408E+00,+13.227387056E+00
-1.380000E-03,-1.530814032E+00,+13.227387056E+00
-1.377500E-03,-1.555939659E+00,+13.026382029E+00
-1.375000E-03,-1.505688404E+00,+12.084170966E+00
-1.372500E-03,-1.555939659E+00,+11.581658400E+00
-1.370000E-03,-1.641366794E+00,+9.998743814E+00
-1.367500E-03,-1.651417045E+00,+9.207286522E+00
-1.365000E-03,-1.716743678E+00,+8.265075459E+00
-1.362500E-03,-1.716743678E+00,+7.322864396E+00
-1.360000E-03,-1.636341669E+00,+6.393216148E+00
-1.357500E-03,-1.731819055E+00,+5.388191015E+00
-1.355000E-03,-1.716743678E+00,+4.182160854E+00
-1.352500E-03,-1.731819055E+00,+3.378140748E+00
-1.350000E-03,-1.746894431E+00,+2.297738729E+00
-1.347500E-03,-1.731819055E+00,+1.368090481E+00
-1.345000E-03,-1.716743678E+00,+363.065347E-03
-1.342500E-03,-2.359959751E+00,-440.954760E-03
-1.340000E-03,-1.772020059E+00,-38.944706E-03
-1.337500E-03,-1.867497445E+00,-1.018844211E+00
-1.335000E-03,-1.716743678E+00,-1.722361805E+00
-1.332500E-03,-1.716743678E+00,-2.853015080E+00
-1.330000E-03,-1.746894431E+00,-3.858040214E+00
-1.327500E-03,-1.666492422E+00,-4.787688462E+00
-1.325000E-03,-1.716743678E+00,-5.729899525E+00
-1.322500E-03,-1.716743678E+00,-6.697236216E+00
-1.320000E-03,-1.636341669E+00,-8.079145774E+00
-1.317500E-03,-1.555939659E+00,-9.008794023E+00
-1.315000E-03,-1.636341669E+00,-9.951005085E+00
-1.312500E-03,-1.555939659E+00,-10.893216148E+00
-1.310000E-03,-1.505688404E+00,-11.898241282E+00
-1.307500E-03,-1.465487399E+00,-12.903266415E+00
-1.305000E-03,-1.425286395E+00,-13.707286522E+00
-1.302500E-03,-1.395135641E+00,-13.531407123E+00
-1.300000E-03,-1.344884385E+00,-13.506281495E+00
-1.297500E-03,-1.314733632E+00,-13.707286522E+00
-1.295000E-03,-1.264482376E+00,-13.707286522E+00
-1.292500E-03,-1.224281372E+00,-13.531407123E+00
-1.290000E-03,-1.184080367E+00,-13.506281495E+00
-1.287500E-03,-1.169004990E+00,-13.506281495E+00
-1.285000E-03,-1.103678358E+00,-13.631909637E+00
-1.282500E-03,-1.073527604E+00,-13.506281495E+00
-1.280000E-03,-1.048401976E+00,-13.569095566E+00
-1.277500E-03,-993.125595E-03,-13.531407123E+00
-1.275000E-03,-912.723586E-03,-13.506281495E+00
-1.272500E-03,-912.723586E-03,-13.707286522E+00
-1.270000E-03,-832.321577E-03,-13.506281495E+00
-1.267500E-03,-832.321577E-03,-13.506281495E+00
-1.265000E-03,-782.070321E-03,-13.569095566E+00
-1.262500E-03,-686.592935E-03,-13.707286522E+00
-1.260000E-03,-671.517558E-03,-13.506281495E+00
-1.257500E-03,-661.467307E-03,-13.707286522E+00
-1.255000E-03,-671.517558E-03,-13.569095566E+00
-1.252500E-03,-606.190926E-03,-13.531407123E+00
-1.250000E-03,-540.864293E-03,-13.707286522E+00
-1.247500E-03,-525.788917E-03,-13.669598079E+00
-1.245000E-03,-565.989921E-03,-13.506281495E+00
-1.242500E-03,-430.311531E-03,-13.506281495E+00
-1.240000E-03,-430.311531E-03,-13.707286522E+00
-1.237500E-03,-364.984898E-03,-13.531407123E+00
-1.235000E-03,-430.311531E-03,-13.506281495E+00
-1.232500E-03,-284.582889E-03,-13.707286522E+00
-1.230000E-03,-244.381885E-03,-13.631909637E+00
-1.227500E-03,-204.180880E-03,-13.506281495E+00
-1.225000E-03,-219.256257E-03,-13.631909637E+00
-1.222500E-03,-123.778871E-03,-13.707286522E+00
-1.220000E-03,-163.979875E-03,-13.569095566E+00
-1.217500E-03,-108.703494E-03,-13.531407123E+00
-1.215000E-03,-28.301485E-03,-13.506281495E+00
-1.212500E-03,-83.577866E-03,-13.531407123E+00
-1.210000E-03,+52.100524E-03,-13.631909637E+00
-1.207500E-03,-28.301485E-03,-13.468593053E+00
-1.205000E-03,+52.100524E-03,-13.707286522E+00
-1.202500E-03,+117.427157E-03,-13.506281495E+00
-1.200000E-03,+132.502533E-03,-13.631909637E+00
-1.197500E-03,+157.628161E-03,-13.531407123E+00
-1.195000E-03,+212.904543E-03,-13.506281495E+00
-1.192500E-03,+222.954794E-03,-13.506281495E+00
-1.190000E-03,+293.306552E-03,-13.506281495E+00
-1.187500E-03,+373.708561E-03,-13.506281495E+00
-1.185000E-03,+343.557808E-03,-13.631909637E+00
-1.182500E-03,+373.708561E-03,-13.669598079E+00
-1.180000E-03,+373.708561E-03,-13.707286522E+00
-1.177500E-03,+398.834189E-03,-13.669598079E+00
-1.175000E-03,+398.834189E-03,-13.506281495E+00
-1.172500E-03,+599.839212E-03,-13.330402097E+00
-1.170000E-03,+534.512579E-03,-13.770100593E+00
-1.167500E-03,+614.914589E-03,-13.669598079E+00
-1.165000E-03,+584.763835E-03,-13.569095566E+00
-1.162500E-03,+680.241221E-03,-13.330402097E+00
-1.160000E-03,+695.316598E-03,-13.506281495E+00
-1.157500E-03,+640.040217E-03,-13.506281495E+00
-1.155000E-03,+775.718607E-03,-13.707286522E+00
-1.152500E-03,+705.366849E-03,-13.531407123E+00
-1.150000E-03,+906.371872E-03,-13.569095566E+00
-1.147500E-03,+856.120616E-03,-13.707286522E+00
-1.145000E-03,+825.969863E-03,-13.569095566E+00
-1.142500E-03,+866.170867E-03,-13.832914663E+00
-1.140000E-03,+961.648253E-03,-13.707286522E+00
-1.137500E-03,+1.016924635E+00,-13.531407123E+00
-1.135000E-03,+1.042050262E+00,-13.506281495E+00
-1.132500E-03,+1.026974886E+00,-13.669598079E+00
-1.130000E-03,+1.147577900E+00,-13.506281495E+00
-1.127500E-03,+1.097326644E+00,-13.506281495E+00
-1.125000E-03,+1.177728653E+00,-13.707286522E+00
-1.122500E-03,+1.097326644E+00,-13.506281495E+00
-1.120000E-03,+1.202854281E+00,-13.707286522E+00
-1.117500E-03,+1.187778904E+00,-13.506281495E+00
-1.115000E-03,+1.258130662E+00,-13.707286522E+00
-1.112500E-03,+1.338532671E+00,-13.506281495E+00
-1.110000E-03,+1.338532671E+00,-13.569095566E+00
-1.107500E-03,+1.348582922E+00,-13.506281495E+00
-1.105000E-03,+1.444060308E+00,-13.707286522E+00
-1.102500E-03,+1.418934681E+00,-13.669598079E+00
-1.100000E-03,+1.524462318E+00,-13.631909637E+00
-1.097500E-03,+1.579738699E+00,-13.531407123E+00
-1.095000E-03,+1.524462318E+00,-13.506281495E+00
-1.092500E-03,+1.564663322E+00,-13.707286522E+00
-1.090000E-03,+1.579738699E+00,-13.631909637E+00
-1.087500E-03,+1.660140708E+00,-13.669598079E+00
-1.085000E-03,+1.740542717E+00,-13.506281495E+00
-1.082500E-03,+1.725467341E+00,-13.669598079E+00
-1.080000E-03,+1.740542717E+00,-13.506281495E+00
-1.077500E-03,+1.750592968E+00,-12.526381990E+00
-1.075000E-03,+1.871195982E+00,-11.697236255E+00
-1.072500E-03,+1.820944726E+00,-10.692211121E+00
-1.070000E-03,+1.871195982E+00,-9.812814130E+00
-1.067500E-03,+1.901346736E+00,-8.707286483E+00
-1.065000E-03,+1.981748745E+00,-7.601758836E+00
-1.062500E-03,+1.830994978E+00,-6.898241242E+00
-1.060000E-03,+1.951597991E+00,-5.868090481E+00
-1.057500E-03,+1.911396987E+00,-5.064070374E+00
-1.055000E-03,+1.981748745E+00,-4.059045240E+00
-1.052500E-03,+1.981748745E+00,-3.054020107E+00
-1.050000E-03,+2.032000001E+00,-2.187185929E+00
-1.047500E-03,+2.062150754E+00,-1.244974867E+00
-1.045000E-03,+1.981748745E+00,-239.949733E-03
-1.042500E-03,+1.991798996E+00,-38.944706E-03
-1.040000E-03,+1.926472364E+00,+86.683435E-03
-1.037500E-03,+2.594814065E+00,+928.391985E-03
-1.035000E-03,+2.032000001E+00,+1.631909578E+00
-1.032500E-03,+1.966673368E+00,+2.737437225E+00
-1.030000E-03,+1.951597991E+00,+3.440954818E+00
-1.027500E-03,+1.911396987E+00,+4.584170908E+00
-1.025000E-03,+1.901346736E+00,+5.652010112E+00
-1.022500E-03,+1.750592968E+00,+6.355527706E+00
-1.020000E-03,+1.901346736E+00,+7.523869423E+00
-1.017500E-03,+1.820944726E+00,+8.001256362E+00
-1.015000E-03,+1.846070354E+00,+9.207286522E+00
-1.012500E-03,+1.725467341E+00,+9.772613159E+00
-1.010000E-03,+1.740542717E+00,+11.217336789E+00
-1.007500E-03,+1.685266336E+00,+11.518844329E+00
-1.005000E-03,+1.740542717E+00,+13.089196100E+00
-1.002500E-03,+1.725467341E+00,+13.390703640E+00
-1.000000E-03,+1.579738699E+00,+13.353015197E+00
-997.500E-06,+1.645065331E+00,+13.428392082E+00
-995.000E-06,+1.549587945E+00,+13.290201127E+00
-992.500E-06,+1.499336690E+00,+13.227387056E+00
-990.000E-06,+1.499336690E+00,+13.290201127E+00
-987.500E-06,+1.418934681E+00,+13.252512684E+00
-985.000E-06,+1.418934681E+00,+13.353015197E+00
-982.500E-06,+1.338532671E+00,+13.227387056E+00
-980.000E-06,+1.308381918E+00,+13.227387056E+00
-977.500E-06,+1.202854281E+00,+13.227387056E+00
-975.000E-06,+1.202854281E+00,+13.227387056E+00
-972.500E-06,+1.107376895E+00,+13.227387056E+00
-970.000E-06,+1.122452272E+00,+13.290201127E+00
-967.500E-06,+1.177728653E+00,+13.227387056E+00
-965.000E-06,+1.067175890E+00,+13.428392082E+00
-962.500E-06,+1.016924635E+00,+13.390703640E+00
-960.000E-06,+1.067175890E+00,+13.227387056E+00
-957.500E-06,+936.522625E-03,+13.252512684E+00
-955.000E-06,+986.773881E-03,+13.290201127E+00
-952.500E-06,+936.522625E-03,+13.453517711E+00
-950.000E-06,+881.246244E-03,+13.227387056E+00
-947.500E-06,+856.120616E-03,+13.227387056E+00
-945.000E-06,+720.442226E-03,+13.089196100E+00
-942.500E-06,+695.316598E-03,+13.227387056E+00
-940.000E-06,+720.442226E-03,+13.353015197E+00
-937.500E-06,+624.964840E-03,+13.252512684E+00
-935.000E-06,+614.914589E-03,+13.353015197E+00
-932.500E-06,+614.914589E-03,+13.089196100E+00
-930.000E-06,+534.512579E-03,+13.290201127E+00
-927.500E-06,+614.914589E-03,+13.227387056E+00
-925.000E-06,+504.361826E-03,+13.290201127E+00
-922.500E-06,+454.110570E-03,+13.227387056E+00
-920.000E-06,+454.110570E-03,+13.227387056E+00
-917.500E-06,+383.758812E-03,+13.227387056E+00
-915.000E-06,+398.834189E-03,+13.089196100E+00
-912.500E-06,+373.708561E-03,+13.227387056E+00
-910.000E-06,+238.030171E-03,+13.227387056E+00
-907.500E-06,+212.904543E-03,+13.227387056E+00
-905.000E-06,+212.904543E-03,+13.227387056E+00
-902.500E-06,+132.502533E-03,+13.390703640E+00
-900.000E-06,+182.753789E-03,+13.428392082E+00
-897.500E-06,+132.502533E-03,+13.227387056E+00
-895.000E-06,+102.351780E-03,+13.290201127E+00
-892.500E-06,+62.150775E-03,+13.390703640E+00
-890.000E-06,-28.301485E-03,+13.227387056E+00
-887.500E-06,-28.301485E-03,+13.227387056E+00
-885.000E-06,-3.175857E-03,+13.089196100E+00
-882.500E-06,-28.301485E-03,+13.227387056E+00
-880.000E-06,-108.703494E-03,+13.089196100E+00
-877.500E-06,-179.055252E-03,+13.428392082E+00
-875.000E-06,-108.703494E-03,+13.227387056E+00
-872.500E-06,-189.105503E-03,+13.051507657E+00
-870.000E-06,-244.381885E-03,+13.227387056E+00
-867.500E-06,-269.507512E-03,+13.554020224E+00
-865.000E-06,-299.658266E-03,+13.290201127E+00
-862.500E-06,-339.859270E-03,+13.227387056E+00
-860.000E-06,-299.658266E-03,+13.353015197E+00
-857.500E-06,-364.984898E-03,+13.428392082E+00
-855.000E-06,-430.311531E-03,+13.152010171E+00
-852.500E-06,-364.984898E-03,+13.252512684E+00
-850.000E-06,-510.713540E-03,+13.353015197E+00
-847.500E-06,-591.115549E-03,+13.227387056E+00
-845.000E-06,-510.713540E-03,+13.227387056E+00
-842.500E-06,-591.115549E-03,+13.189698613E+00
-840.000E-06,-591.115549E-03,+13.353015197E+00
-837.500E-06,-661.467307E-03,+13.390703640E+00
-835.000E-06,-726.793940E-03,+13.227387056E+00
-832.500E-06,-751.919568E-03,+13.390703640E+00
-830.000E-06,-701.668312E-03,+13.353015197E+00
-827.500E-06,-686.592935E-03,+13.252512684E+00
-825.000E-06,-832.321577E-03,+13.353015197E+00
-822.500E-06,-832.321577E-03,+13.227387056E+00
-820.000E-06,-912.723586E-03,+13.227387056E+00
-817.500E-06,-912.723586E-03,+13.227387056E+00
-815.000E-06,-912.723586E-03,+13.227387056E+00
-812.500E-06,-993.125595E-03,+13.227387056E+00
-810.000E-06,-942.874339E-03,+13.290201127E+00
-807.500E-06,-1.088602981E+00,+13.227387056E+00
-805.000E-06,-993.125595E-03,+13.227387056E+00
-802.500E-06,-1.143879362E+00,+13.227387056E+00
-800.000E-06,-1.128803986E+00,+13.214824242E+00
-797.500E-06,-1.143879362E+00,+13.189698613E+00
-795.000E-06,-1.184080367E+00,+13.152010171E+00
-792.500E-06,-1.314733632E+00,+13.390703640E+00
-790.000E-06,-1.314733632E+00,+13.290201127E+00
-787.500E-06,-1.249406999E+00,+13.390703640E+00
-785.000E-06,-1.370010013E+00,+13.353015197E+00
-782.500E-06,-1.385085390E+00,+13.353015197E+00
-780.000E-06,-1.395135641E+00,+13.491206153E+00
-777.500E-06,-1.475537650E+00,+13.290201127E+00
-775.000E-06,-1.450412022E+00,+13.227387056E+00
-772.500E-06,-1.545889408E+00,+13.428392082E+00
-770.000E-06,-1.555939659E+00,+13.290201127E+00
-767.500E-06,-1.475537650E+00,+12.285175993E+00
-765.000E-06,-1.666492422E+00,+11.141959904E+00
-762.500E-06,-1.636341669E+00,+9.873115673E+00
-760.000E-06,-1.611216041E+00,+9.609296575E+00
-757.500E-06,-1.706693427E+00,+8.365577972E+00
-755.000E-06,-1.691618050E+00,+7.461055352E+00
-752.500E-06,-1.731819055E+00,+6.556532732E+00
-750.000E-06,-1.772020059E+00,+5.652010112E+00
-747.500E-06,-1.716743678E+00,+4.747487492E+00
-745.000E-06,-1.716743678E+00,+3.503768889E+00
-742.500E-06,-1.731819055E+00,+2.574120641E+00
-740.000E-06,-1.691618050E+00,+1.631909578E+00
-737.500E-06,-1.797145687E+00,+589.196002E-03
-735.000E-06,-2.038351715E+00,-315.326618E-03
-732.500E-06,-1.842371817E+00,-239.949733E-03
-730.000E-06,-1.797145687E+00,-516.331645E-03
-727.500E-06,-1.716743678E+00,-1.621859292E+00
-725.000E-06,-1.716743678E+00,-2.652010053E+00
-722.500E-06,-1.651417045E+00,-3.456030160E+00
-720.000E-06,-1.716743678E+00,-4.586683435E+00
-717.500E-06,-1.651417045E+00,-5.466080427E+00
-715.000E-06,-1.716743678E+00,-6.533919632E+00
-712.500E-06,-1.651417045E+00,-7.677135721E+00
-710.000E-06,-1.636341669E+00,-8.606783969E+00
-707.500E-06,-1.626291418E+00,-9.812814130E+00
-705.000E-06,-1.505688404E+00,-10.491206095E+00
-702.500E-06,-1.545889408E+00,-11.659547812E+00
-700.000E-06,-1.475537650E+00,-12.564070432E+00
-697.500E-06,-1.465487399E+00,-13.368090539E+00
-695.000E-06,-1.370010013E+00,-13.707286522E+00
-692.500E-06,-1.314733632E+00,-13.569095566E+00
-690.000E-06,-1.395135641E+00,-13.707286522E+00
-687.500E-06,-1.304683381E+00,-13.707286522E+00
-685.000E-06,-1.234331623E+00,-13.707286522E+00
-682.500E-06,-1.234331623E+00,-13.506281495E+00
-680.000E-06,-1.153929614E+00,-13.707286522E+00
-677.500E-06,-1.153929614E+00,-13.531407123E+00
-675.000E-06,-1.073527604E+00,-13.707286522E+00
-672.500E-06,-1.063477353E+00,-13.707286522E+00
-670.000E-06,-1.023276349E+00,-13.707286522E+00
-667.500E-06,-927.798963E-03,-13.531407123E+00
-665.000E-06,-887.597958E-03,-13.569095566E+00
-662.500E-06,-912.723586E-03,-13.531407123E+00
-660.000E-06,-832.321577E-03,-13.707286522E+00
-657.500E-06,-822.271326E-03,-13.669598079E+00
-655.000E-06,-782.070321E-03,-13.569095566E+00
-652.500E-06,-751.919568E-03,-13.669598079E+00
-650.000E-06,-646.391931E-03,-13.569095566E+00
-647.500E-06,-606.190926E-03,-13.506281495E+00
-645.000E-06,-621.266303E-03,-13.569095566E+00
-642.500E-06,-581.065298E-03,-13.506281495E+00
-640.000E-06,-540.864293E-03,-13.707286522E+00
-637.500E-06,-510.713540E-03,-13.531407123E+00
-635.000E-06,-485.587912E-03,-13.569095566E+00
-632.500E-06,-500.663289E-03,-13.707286522E+00
-630.000E-06,-349.909522E-03,-13.631909637E+00
-627.500E-06,-299.658266E-03,-13.531407123E+00
-625.000E-06,-299.658266E-03,-13.631909637E+00
-622.500E-06,-269.507512E-03,-13.669598079E+00
-620.000E-06,-244.381885E-03,-13.631909637E+00
-617.500E-06,-189.105503E-03,-13.506281495E+00
-615.000E-06,-108.703494E-03,-13.631909637E+00
-612.500E-06,-204.180880E-03,-13.531407123E+00
-610.000E-06,-108.703494E-03,-13.569095566E+00
-607.500E-06,-108.703494E-03,-13.732412150E+00
-605.000E-06,-108.703494E-03,-13.569095566E+00
-602.500E-06,-28.301485E-03,-13.531407123E+00
-600.000E-06,+21.949771E-03,-13.631909637E+00
-597.500E-06,+117.427157E-03,-13.669598079E+00
-595.000E-06,+132.502533E-03,-13.631909637E+00
-592.500E-06,+132.502533E-03,-13.531407123E+00
-590.000E-06,+132.502533E-03,-13.569095566E+00
-587.500E-06,+212.904543E-03,-13.506281495E+00
-585.000E-06,+293.306552E-03,-13.707286522E+00
-582.500E-06,+293.306552E-03,-13.707286522E+00
-580.000E-06,+293.306552E-03,-13.707286522E+00
-577.500E-06,+303.356803E-03,-13.631909637E+00
-575.000E-06,+343.557808E-03,-13.569095566E+00
-572.500E-06,+383.758812E-03,-13.506281495E+00
-570.000E-06,+423.959817E-03,-13.631909637E+00
-567.500E-06,+464.160821E-03,-13.669598079E+00
-565.000E-06,+479.236198E-03,-13.631909637E+00
-562.500E-06,+544.562831E-03,-13.531407123E+00
-560.000E-06,+534.512579E-03,-13.569095566E+00
-557.500E-06,+599.839212E-03,-13.707286522E+00
-555.000E-06,+665.165844E-03,-13.631909637E+00
-552.500E-06,+695.316598E-03,-13.669598079E+00
-550.000E-06,+695.316598E-03,-13.569095566E+00
-547.500E-06,+695.316598E-03,-13.506281495E+00
-545.000E-06,+775.718607E-03,-13.506281495E+00
-542.500E-06,+856.120616E-03,-13.707286522E+00
-540.000E-06,+856.120616E-03,-13.707286522E+00
-537.500E-06,+856.120616E-03,-13.506281495E+00
-535.000E-06,+856.120616E-03,-13.569095566E+00
-532.500E-06,+921.447249E-03,-13.669598079E+00
-530.000E-06,+1.016924635E+00,-13.569095566E+00
-527.500E-06,+1.026974886E+00,-13.531407123E+00
-525.000E-06,+1.067175890E+00,-13.506281495E+00
-522.500E-06,+1.026974886E+00,-13.669598079E+00
-520.000E-06,+1.147577900E+00,-13.631909637E+00
-517.500E-06,+1.162653276E+00,-13.707286522E+00
-515.000E-06,+1.177728653E+00,-13.707286522E+00
-512.500E-06,+1.258130662E+00,-13.832914663E+00
-510.000E-06,+1.227979909E+00,-13.506281495E+00
-507.500E-06,+1.403859304E+00,-13.531407123E+00
-505.000E-06,+1.308381918E+00,-13.707286522E+00
-502.500E-06,+1.348582922E+00,-13.870603106E+00
-500.000E-06,+1.388783927E+00,-13.707286522E+00
-497.500E-06,+1.418934681E+00,-13.531407123E+00
-495.000E-06,+1.469185936E+00,-13.631909637E+00
-492.500E-06,+1.499336690E+00,-13.707286522E+00
-490.000E-06,+1.524462318E+00,-13.631909637E+00
-487.500E-06,+1.579738699E+00,-13.707286522E+00
-485.000E-06,+1.579738699E+00,-13.569095566E+00
-482.500E-06,+1.660140708E+00,-13.506281495E+00
-480.000E-06,+1.660140708E+00,-13.569095566E+00
-477.500E-06,+1.660140708E+00,-13.669598079E+00
-475.000E-06,+1.685266336E+00,-13.631909637E+00
-472.500E-06,+1.740542717E+00,-13.669598079E+00
-470.000E-06,+1.765668345E+00,-13.028894557E+00
-467.500E-06,+1.820944726E+00,-12.099246308E+00
-465.000E-06,+1.846070354E+00,-11.018844290E+00
-462.500E-06,+1.830994978E+00,-10.089196041E+00
-460.000E-06,+1.901346736E+00,-9.285175934E+00
-457.500E-06,+1.911396987E+00,-8.079145774E+00
-455.000E-06,+1.901346736E+00,-7.275125667E+00
-452.500E-06,+1.966673368E+00,-6.295226162E+00
-450.000E-06,+1.901346736E+00,-5.265075400E+00
-447.500E-06,+1.911396987E+00,-4.285175895E+00
-445.000E-06,+2.006874373E+00,-3.518844231E+00
-442.500E-06,+1.966673368E+00,-2.451005027E+00
-440.000E-06,+2.032000001E+00,-1.445979893E+00
-437.500E-06,+1.981748745E+00,-641.959786E-03
-435.000E-06,+2.006874373E+00,-38.944706E-03
-432.500E-06,+2.047075377E+00,-76.633149E-03
-430.000E-06,+2.248080400E+00,+488.693489E-03
-427.500E-06,+2.368683414E+00,+1.493718622E+00
-425.000E-06,+1.981748745E+00,+2.234924658E+00
-422.500E-06,+1.911396987E+00,+3.177135721E+00
-420.000E-06,+1.951597991E+00,+4.182160854E+00
-417.500E-06,+2.032000001E+00,+5.212311616E+00
-415.000E-06,+1.820944726E+00,+5.991206095E+00
-412.500E-06,+1.846070354E+00,+7.021356856E+00
-410.000E-06,+1.820944726E+00,+7.925879477E+00
-407.500E-06,+1.820944726E+00,+8.528894557E+00
-405.000E-06,+1.841045229E+00,+9.873115673E+00
-402.500E-06,+1.830994978E+00,+10.438442310E+00
-400.000E-06,+1.710391964E+00,+11.945980011E+00
-397.500E-06,+1.660140708E+00,+12.448492577E+00
-395.000E-06,+1.660140708E+00,+13.227387056E+00
-392.500E-06,+1.660140708E+00,+13.227387056E+00
-390.000E-06,+1.604864327E+00,+13.152010171E+00
-387.500E-06,+1.579738699E+00,+13.227387056E+00
-385.000E-06,+1.524462318E+00,+13.428392082E+00
-382.500E-06,+1.484261313E+00,+13.428392082E+00
-380.000E-06,+1.363658299E+00,+13.290201127E+00
-377.500E-06,+1.348582922E+00,+13.252512684E+00
-375.000E-06,+1.338532671E+00,+13.428392082E+00
-372.500E-06,+1.338532671E+00,+13.227387056E+00
-370.000E-06,+1.202854281E+00,+13.227387056E+00
-367.500E-06,+1.323457295E+00,+13.353015197E+00
-365.000E-06,+1.177728653E+00,+13.227387056E+00
-362.500E-06,+1.243055285E+00,+13.252512684E+00
-360.000E-06,+1.177728653E+00,+13.227387056E+00
-357.500E-06,+1.097326644E+00,+13.227387056E+00
-355.000E-06,+1.016924635E+00,+13.227387056E+00
-352.500E-06,+936.522625E-03,+13.051507657E+00
-350.000E-06,+1.016924635E+00,+13.290201127E+00
-347.500E-06,+936.522625E-03,+13.390703640E+00
-345.000E-06,+986.773881E-03,+13.290201127E+00
-342.500E-06,+856.120616E-03,+13.428392082E+00
-340.000E-06,+856.120616E-03,+13.353015197E+00
-337.500E-06,+856.120616E-03,+13.390703640E+00
-335.000E-06,+825.969863E-03,+13.227387056E+00
-332.500E-06,+705.366849E-03,+13.227387056E+00
-330.000E-06,+695.316598E-03,+13.214824242E+00
-327.500E-06,+695.316598E-03,+13.428392082E+00
-325.000E-06,+665.165844E-03,+13.227387056E+00
-322.500E-06,+544.562831E-03,+13.252512684E+00
-320.000E-06,+534.512579E-03,+13.227387056E+00
-317.500E-06,+534.512579E-03,+13.390703640E+00
-315.000E-06,+479.236198E-03,+13.227387056E+00
-312.500E-06,+383.758812E-03,+13.227387056E+00
-310.000E-06,+454.110570E-03,+13.353015197E+00
-307.500E-06,+454.110570E-03,+13.227387056E+00
-305.000E-06,+373.708561E-03,+13.227387056E+00
-302.500E-06,+293.306552E-03,+13.390703640E+00
-300.000E-06,+343.557808E-03,+13.290201127E+00
-297.500E-06,+293.306552E-03,+13.390703640E+00
-295.000E-06,+212.904543E-03,+13.227387056E+00
-292.500E-06,+142.552785E-03,+13.252512684E+00
-290.000E-06,+132.502533E-03,+13.428392082E+00
-287.500E-06,+132.502533E-03,+13.252512684E+00
-285.000E-06,+77.226152E-03,+13.353015197E+00
-282.500E-06,-18.251234E-03,+13.252512684E+00
-280.000E-06,+21.949771E-03,+13.353015197E+00
-277.500E-06,-28.301485E-03,+13.227387056E+00
-275.000E-06,-28.301485E-03,+13.353015197E+00
-272.500E-06,-108.703494E-03,+13.051507657E+00
-270.000E-06,-138.854248E-03,+13.227387056E+00
-267.500E-06,-179.055252E-03,+13.227387056E+00
-265.000E-06,-189.105503E-03,+13.428392082E+00
-262.500E-06,-204.180880E-03,+13.252512684E+00
-260.000E-06,-269.507512E-03,+13.227387056E+00
-257.500E-06,-269.507512E-03,+13.227387056E+00
-255.000E-06,-299.658266E-03,+13.353015197E+00
-252.500E-06,-349.909522E-03,+13.252512684E+00
-250.000E-06,-349.909522E-03,+13.227387056E+00
-247.500E-06,-349.909522E-03,+13.227387056E+00
-245.000E-06,-405.185903E-03,+13.227387056E+00
-242.500E-06,-510.713540E-03,+13.252512684E+00
-240.000E-06,-510.713540E-03,+13.227387056E+00
-237.500E-06,-565.989921E-03,+13.189698613E+00
-235.000E-06,-591.115549E-03,+13.290201127E+00
-232.500E-06,-661.467307E-03,+13.390703640E+00
-230.000E-06,-701.668312E-03,+13.353015197E+00
-227.500E-06,-671.517558E-03,+13.227387056E+00
-225.000E-06,-701.668312E-03,+13.227387056E+00
-222.500E-06,-741.869316E-03,+13.390703640E+00
-220.000E-06,-726.793940E-03,+13.428392082E+00
-217.500E-06,-766.994944E-03,+13.227387056E+00
-215.000E-06,-832.321577E-03,+13.290201127E+00
-212.500E-06,-847.396953E-03,+13.227387056E+00
-210.000E-06,-912.723586E-03,+13.227387056E+00
-207.500E-06,-927.798963E-03,+13.390703640E+00
-205.000E-06,-912.723586E-03,+13.290201127E+00
-202.500E-06,-942.874339E-03,+13.252512684E+00
-200.000E-06,-1.048401976E+00,+13.428392082E+00
-197.500E-06,-993.125595E-03,+13.390703640E+00
-195.000E-06,-1.128803986E+00,+13.227387056E+00
-192.500E-06,-1.169004990E+00,+13.428392082E+00
-190.000E-06,-1.153929614E+00,+13.428392082E+00
-187.500E-06,-1.184080367E+00,+13.252512684E+00
-185.000E-06,-1.234331623E+00,+13.428392082E+00
-182.500E-06,-1.304683381E+00,+13.390703640E+00
-180.000E-06,-1.264482376E+00,+13.353015197E+00
-177.500E-06,-1.314733632E+00,+13.390703640E+00
-175.000E-06,-1.395135641E+00,+13.428392082E+00
-172.500E-06,-1.385085390E+00,+13.227387056E+00
-170.000E-06,-1.425286395E+00,+13.428392082E+00
-167.500E-06,-1.475537650E+00,+13.390703640E+00
-165.000E-06,-1.530814032E+00,+13.353015197E+00
-162.500E-06,-1.545889408E+00,+13.227387056E+00
-160.000E-06,-1.691618050E+00,+12.347990064E+00
-157.500E-06,-1.611216041E+00,+11.380653373E+00
-155.000E-06,-1.636341669E+00,+10.878140806E+00
-152.500E-06,-1.706693427E+00,+9.734924717E+00
-150.000E-06,-1.586090413E+00,+8.805276468E+00
-147.500E-06,-1.716743678E+00,+7.800251335E+00
-145.000E-06,-1.666492422E+00,+6.795226201E+00
-142.500E-06,-1.731819055E+00,+5.953517652E+00
-140.000E-06,-1.716743678E+00,+4.986180961E+00
-137.500E-06,-1.716743678E+00,+3.943467385E+00
-135.000E-06,-1.716743678E+00,+2.900753809E+00
-132.500E-06,-1.731819055E+00,+1.795226162E+00
-130.000E-06,-1.746894431E+00,+966.080427E-03
-127.500E-06,-1.852422068E+00,-13.819078E-03
-125.000E-06,-2.229306486E+00,-579.145716E-03
-122.500E-06,-1.797145687E+00,-415.829131E-03
-120.000E-06,-1.772020059E+00,-1.244974867E+00
-117.500E-06,-1.706693427E+00,-2.250000000E+00
-115.000E-06,-1.716743678E+00,-3.116834178E+00
-112.500E-06,-1.706693427E+00,-4.084170869E+00
-110.000E-06,-1.691618050E+00,-5.126884445E+00
-107.500E-06,-1.716743678E+00,-6.270100534E+00
-105.000E-06,-1.666492422E+00,-7.199748782E+00
-102.500E-06,-1.571015036E+00,-8.405778943E+00
-100.000E-06,-1.611216041E+00,-9.347990005E+00
-97.500E-06,-1.545889408E+00,-10.290201068E+00
-95.000E-06,-1.475537650E+00,-11.358040272E+00
-92.500E-06,-1.555939659E+00,-12.099246308E+00
-90.000E-06,-1.395135641E+00,-13.305276468E+00
-87.500E-06,-1.395135641E+00,-13.506281495E+00
-85.000E-06,-1.344884385E+00,-13.707286522E+00
-82.500E-06,-1.395135641E+00,-13.669598079E+00
-80.000E-06,-1.314733632E+00,-13.569095566E+00
-77.500E-06,-1.234331623E+00,-13.669598079E+00
-75.000E-06,-1.234331623E+00,-13.631909637E+00
-72.500E-06,-1.153929614E+00,-13.707286522E+00
-70.000E-06,-1.153929614E+00,-13.569095566E+00
-67.500E-06,-1.073527604E+00,-13.506281495E+00
-65.000E-06,-1.023276349E+00,-13.631909637E+00
-62.500E-06,-927.798963E-03,-13.669598079E+00
-60.000E-06,-967.999967E-03,-13.506281495E+00
-57.500E-06,-912.723586E-03,-13.707286522E+00
-55.000E-06,-862.472330E-03,-13.631909637E+00
-52.500E-06,-912.723586E-03,-13.468593053E+00
-50.000E-06,-751.919568E-03,-13.707286522E+00
-47.500E-06,-822.271326E-03,-13.707286522E+00
-45.000E-06,-701.668312E-03,-13.707286522E+00
-42.500E-06,-741.869316E-03,-13.669598079E+00
-40.000E-06,-621.266303E-03,-13.506281495E+00
-37.500E-06,-591.115549E-03,-13.669598079E+00
-35.000E-06,-591.115549E-03,-13.569095566E+00
-32.500E-06,-591.115549E-03,-13.506281495E+00
-30.000E-06,-510.713540E-03,-13.506281495E+00
-27.500E-06,-364.984898E-03,-13.870603106E+00
-25.000E-06,-460.462284E-03,-13.506281495E+00
-22.500E-06,-364.984898E-03,-13.707286522E+00
-20.000E-06,-349.909522E-03,-13.569095566E+00
-17.500E-06,-284.582889E-03,-13.707286522E+00
-15.000E-06,-269.507512E-03,-13.631909637E+00
-12.500E-06,-189.105503E-03,-13.669598079E+00
-10.000E-06,-219.256257E-03,-13.506281495E+00
-7.500E-06,-179.055252E-03,-13.531407123E+00
-5.000E-06,-189.105503E-03,-13.569095566E+00
-2.500E-06,-108.703494E-03,-13.669598079E+00
-0.0E+00,-108.703494E-03,-13.506281495E+00
+2.500E-06,+37.025148E-03,-13.832914663E+00
+5.000E-06,+21.949771E-03,-13.506281495E+00
+7.500E-06,+52.100524E-03,-13.506281495E+00
+10.000E-06,+52.100524E-03,-13.506281495E+00
+12.500E-06,+52.100524E-03,-13.531407123E+00
+15.000E-06,+182.753789E-03,-13.631909637E+00
+17.500E-06,+212.904543E-03,-13.669598079E+00
+20.000E-06,+182.753789E-03,-13.631909637E+00
+22.500E-06,+212.904543E-03,-13.707286522E+00
+25.000E-06,+293.306552E-03,-13.506281495E+00
+27.500E-06,+238.030171E-03,-13.707286522E+00
+30.000E-06,+293.306552E-03,-13.569095566E+00
+32.500E-06,+439.035194E-03,-13.531407123E+00
+35.000E-06,+373.708561E-03,-13.430904610E+00
+37.500E-06,+439.035194E-03,-13.531407123E+00
+40.000E-06,+423.959817E-03,-13.506281495E+00
+42.500E-06,+464.160821E-03,-13.506281495E+00
+45.000E-06,+559.638207E-03,-13.707286522E+00
+47.500E-06,+559.638207E-03,-13.531407123E+00
+50.000E-06,+614.914589E-03,-13.631909637E+00
+52.500E-06,+680.241221E-03,-13.506281495E+00
+55.000E-06,+695.316598E-03,-13.506281495E+00
+57.500E-06,+695.316598E-03,-13.531407123E+00
+60.000E-06,+745.567854E-03,-13.506281495E+00
+62.500E-06,+760.643230E-03,-13.669598079E+00
+65.000E-06,+775.718607E-03,-13.631909637E+00
+67.500E-06,+856.120616E-03,-13.506281495E+00
+70.000E-06,+936.522625E-03,-13.707286522E+00
+72.500E-06,+921.447249E-03,-13.707286522E+00
+75.000E-06,+936.522625E-03,-13.506281495E+00
+77.500E-06,+936.522625E-03,-13.531407123E+00
+80.000E-06,+986.773881E-03,-13.569095566E+00
+82.500E-06,+1.016924635E+00,-13.669598079E+00
+85.000E-06,+1.042050262E+00,-13.569095566E+00
+87.500E-06,+1.026974886E+00,-13.669598079E+00
+90.000E-06,+1.147577900E+00,-13.569095566E+00
+92.500E-06,+1.177728653E+00,-13.506281495E+00
+95.000E-06,+1.227979909E+00,-13.631909637E+00
+97.500E-06,+1.187778904E+00,-13.669598079E+00
+100.000E-06,+1.227979909E+00,-13.631909637E+00
+102.500E-06,+1.323457295E+00,-13.506281495E+00
+105.000E-06,+1.283256290E+00,-13.770100593E+00
+107.500E-06,+1.338532671E+00,-13.707286522E+00
+110.000E-06,+1.363658299E+00,-13.631909637E+00
+112.500E-06,+1.418934681E+00,-13.506281495E+00
+115.000E-06,+1.444060308E+00,-13.569095566E+00
+117.500E-06,+1.418934681E+00,-13.707286522E+00
+120.000E-06,+1.524462318E+00,-13.707286522E+00
+122.500E-06,+1.645065331E+00,-13.531407123E+00
+125.000E-06,+1.579738699E+00,-13.631909637E+00
+127.500E-06,+1.660140708E+00,-13.707286522E+00
+130.000E-06,+1.710391964E+00,-13.569095566E+00
+132.500E-06,+1.725467341E+00,-13.506281495E+00
+135.000E-06,+1.765668345E+00,-13.569095566E+00
+137.500E-06,+1.740542717E+00,-13.330402097E+00
+140.000E-06,+1.765668345E+00,-12.224874450E+00
+142.500E-06,+1.740542717E+00,-11.295226201E+00
+145.000E-06,+1.820944726E+00,-10.616834236E+00
+147.500E-06,+1.886271359E+00,-9.448492519E+00
+150.000E-06,+1.901346736E+00,-8.342964872E+00
+152.500E-06,+1.981748745E+00,-7.300251296E+00
+155.000E-06,+1.951597991E+00,-6.596733702E+00
+157.500E-06,+1.901346736E+00,-5.667085454E+00
+160.000E-06,+2.006874373E+00,-4.586683435E+00
+162.500E-06,+1.911396987E+00,-3.657035187E+00
+165.000E-06,+1.981748745E+00,-2.652010053E+00
+167.500E-06,+1.966673368E+00,-1.847989947E+00
+170.000E-06,+1.981748745E+00,-981.155769E-03
+172.500E-06,+1.966673368E+00,-76.633149E-03
+175.000E-06,+2.032000001E+00,-38.944706E-03
+177.500E-06,+2.047075377E+00,+325.376905E-03
+180.000E-06,+2.650090446E+00,+1.229899525E+00
+182.500E-06,+1.911396987E+00,+1.971105561E+00
+185.000E-06,+2.006874373E+00,+3.038944765E+00
+187.500E-06,+1.951597991E+00,+3.805276429E+00
+190.000E-06,+1.901346736E+00,+5.187185988E+00
+192.500E-06,+1.901346736E+00,+5.953517652E+00
+195.000E-06,+1.981748745E+00,+6.920854343E+00
+197.500E-06,+1.740542717E+00,+7.762562892E+00
+200.000E-06,+1.926472364E+00,+8.528894557E+00
+202.500E-06,+1.750592968E+00,+9.734924717E+00
+205.000E-06,+1.790793973E+00,+10.739949850E+00
+207.500E-06,+1.725467341E+00,+10.815326735E+00
+210.000E-06,+1.710391964E+00,+11.883165940E+00
+212.500E-06,+1.725467341E+00,+13.227387056E+00
+215.000E-06,+1.629989955E+00,+13.227387056E+00
+217.500E-06,+1.660140708E+00,+13.390703640E+00
+220.000E-06,+1.499336690E+00,+13.227387056E+00
+222.500E-06,+1.499336690E+00,+13.428392082E+00
+225.000E-06,+1.499336690E+00,+13.290201127E+00
+227.500E-06,+1.428984932E+00,+13.390703640E+00
+230.000E-06,+1.388783927E+00,+13.491206153E+00
+232.500E-06,+1.348582922E+00,+13.252512684E+00
+235.000E-06,+1.308381918E+00,+13.227387056E+00
+237.500E-06,+1.323457295E+00,+13.227387056E+00
+240.000E-06,+1.308381918E+00,+13.290201127E+00
+242.500E-06,+1.162653276E+00,+13.252512684E+00
+245.000E-06,+1.227979909E+00,+13.290201127E+00
+247.500E-06,+1.177728653E+00,+13.252512684E+00
+250.000E-06,+1.097326644E+00,+13.353015197E+00
+252.500E-06,+1.082251267E+00,+13.227387056E+00
+255.000E-06,+1.067175890E+00,+13.227387056E+00
+257.500E-06,+1.082251267E+00,+13.252512684E+00
+260.000E-06,+936.522625E-03,+13.227387056E+00
+262.500E-06,+921.447249E-03,+13.428392082E+00
+265.000E-06,+856.120616E-03,+13.290201127E+00
+267.500E-06,+906.371872E-03,+13.227387056E+00
+270.000E-06,+856.120616E-03,+13.353015197E+00
+272.500E-06,+775.718607E-03,+13.390703640E+00
+275.000E-06,+695.316598E-03,+13.428392082E+00
+277.500E-06,+705.366849E-03,+13.189698613E+00
+280.000E-06,+695.316598E-03,+13.227387056E+00
+282.500E-06,+680.241221E-03,+13.089196100E+00
+285.000E-06,+614.914589E-03,+13.227387056E+00
+287.500E-06,+534.512579E-03,+13.051507657E+00
+290.000E-06,+479.236198E-03,+13.227387056E+00
+292.500E-06,+519.437203E-03,+13.227387056E+00
+295.000E-06,+454.110570E-03,+13.290201127E+00
+297.500E-06,+373.708561E-03,+13.428392082E+00
+300.000E-06,+398.834189E-03,+13.227387056E+00
+302.500E-06,+373.708561E-03,+13.390703640E+00
+305.000E-06,+373.708561E-03,+13.227387056E+00
+307.500E-06,+293.306552E-03,+13.252512684E+00
+310.000E-06,+293.306552E-03,+13.227387056E+00
+312.500E-06,+212.904543E-03,+13.390703640E+00
+315.000E-06,+157.628161E-03,+13.227387056E+00
+317.500E-06,+77.226152E-03,+13.252512684E+00
+320.000E-06,+182.753789E-03,+13.290201127E+00
+322.500E-06,+62.150775E-03,+13.252512684E+00
+325.000E-06,+102.351780E-03,+13.353015197E+00
+327.500E-06,-18.251234E-03,+13.390703640E+00
+330.000E-06,-3.175857E-03,+13.152010171E+00
+332.500E-06,-28.301485E-03,+13.227387056E+00
+335.000E-06,-28.301485E-03,+13.227387056E+00
+337.500E-06,-43.376862E-03,+13.252512684E+00
+340.000E-06,-138.854248E-03,+13.353015197E+00
+342.500E-06,-189.105503E-03,+13.428392082E+00
+345.000E-06,-189.105503E-03,+13.290201127E+00
+347.500E-06,-204.180880E-03,+13.227387056E+00
+350.000E-06,-244.381885E-03,+13.353015197E+00
+352.500E-06,-269.507512E-03,+13.252512684E+00
+355.000E-06,-299.658266E-03,+13.290201127E+00
+357.500E-06,-349.909522E-03,+13.227387056E+00
+360.000E-06,-430.311531E-03,+13.227387056E+00
+362.500E-06,-380.060275E-03,+13.428392082E+00
+365.000E-06,-460.462284E-03,+13.152010171E+00
+367.500E-06,-510.713540E-03,+13.390703640E+00
+370.000E-06,-510.713540E-03,+13.290201127E+00
+372.500E-06,-525.788917E-03,+13.227387056E+00
+375.000E-06,-646.391931E-03,+13.290201127E+00
+377.500E-06,-591.115549E-03,+13.227387056E+00
+380.000E-06,-726.793940E-03,+13.353015197E+00
+382.500E-06,-671.517558E-03,+13.390703640E+00
+385.000E-06,-701.668312E-03,+13.290201127E+00
+387.500E-06,-701.668312E-03,+13.227387056E+00
+390.000E-06,-751.919568E-03,+13.353015197E+00
+392.500E-06,-832.321577E-03,+13.227387056E+00
+395.000E-06,-832.321577E-03,+13.491206153E+00
+397.500E-06,-832.321577E-03,+13.227387056E+00
+400.000E-06,-942.874339E-03,+13.290201127E+00
+402.500E-06,-927.798963E-03,+13.428392082E+00
+405.000E-06,-942.874339E-03,+13.227387056E+00
+407.500E-06,-993.125595E-03,+13.227387056E+00
+410.000E-06,-1.103678358E+00,+13.227387056E+00
+412.500E-06,-1.073527604E+00,+13.390703640E+00
+415.000E-06,-1.103678358E+00,+13.428392082E+00
+417.500E-06,-1.153929614E+00,+13.227387056E+00
+420.000E-06,-1.184080367E+00,+13.290201127E+00
+422.500E-06,-1.169004990E+00,+13.390703640E+00
+425.000E-06,-1.314733632E+00,+13.353015197E+00
+427.500E-06,-1.314733632E+00,+13.227387056E+00
+430.000E-06,-1.370010013E+00,+13.428392082E+00
+432.500E-06,-1.314733632E+00,+13.227387056E+00
+435.000E-06,-1.344884385E+00,+13.290201127E+00
+437.500E-06,-1.395135641E+00,+13.252512684E+00
+440.000E-06,-1.450412022E+00,+13.353015197E+00
+442.500E-06,-1.410211018E+00,+13.227387056E+00
+445.000E-06,-1.505688404E+00,+13.152010171E+00
+447.500E-06,-1.611216041E+00,+12.850502631E+00
+450.000E-06,-1.555939659E+00,+11.744974984E+00
+452.500E-06,-1.651417045E+00,+10.777638293E+00
+455.000E-06,-1.636341669E+00,+10.413316682E+00
+457.500E-06,-1.651417045E+00,+9.169598079E+00
+460.000E-06,-1.691618050E+00,+8.202261388E+00
+462.500E-06,-1.651417045E+00,+7.285175954E+00
+465.000E-06,-1.716743678E+00,+6.192211121E+00
+467.500E-06,-1.716743678E+00,+5.250000059E+00
+470.000E-06,-1.797145687E+00,+4.182160854E+00
+472.500E-06,-1.716743678E+00,+3.403266376E+00
+475.000E-06,-1.691618050E+00,+2.373115614E+00
+477.500E-06,-1.716743678E+00,+1.192211082E+00
+480.000E-06,-1.716743678E+00,+363.065347E-03
+482.500E-06,-2.359959751E+00,-641.959786E-03
+485.000E-06,-1.797145687E+00,-38.944706E-03
+487.500E-06,-1.716743678E+00,-842.964813E-03
+490.000E-06,-1.772020059E+00,-1.986180902E+00
+492.500E-06,-1.787095436E+00,-2.853015080E+00
+495.000E-06,-1.797145687E+00,-3.920854284E+00
+497.500E-06,-1.716743678E+00,-5.064070374E+00
+500.000E-06,-1.636341669E+00,-5.930904551E+00
+502.500E-06,-1.651417045E+00,-6.873115614E+00
+505.000E-06,-1.691618050E+00,-8.003768889E+00
+507.500E-06,-1.636341669E+00,-8.908291509E+00
+510.000E-06,-1.636341669E+00,-10.152010112E+00
+512.500E-06,-1.571015036E+00,-10.855527706E+00
+515.000E-06,-1.530814032E+00,-11.898241282E+00
+517.500E-06,-1.465487399E+00,-12.865577972E+00
+520.000E-06,-1.425286395E+00,-13.506281495E+00
+522.500E-06,-1.329809009E+00,-13.707286522E+00
+525.000E-06,-1.370010013E+00,-13.506281495E+00
+527.500E-06,-1.385085390E+00,-13.531407123E+00
+530.000E-06,-1.289608004E+00,-13.707286522E+00
+532.500E-06,-1.234331623E+00,-13.669598079E+00
+535.000E-06,-1.234331623E+00,-13.707286522E+00
+537.500E-06,-1.103678358E+00,-13.506281495E+00
+540.000E-06,-1.073527604E+00,-13.631909637E+00
+542.500E-06,-1.073527604E+00,-13.531407123E+00
+545.000E-06,-993.125595E-03,-13.506281495E+00
+547.500E-06,-1.008200972E+00,-13.531407123E+00
+550.000E-06,-967.999967E-03,-13.707286522E+00
+552.500E-06,-832.321577E-03,-13.506281495E+00
+555.000E-06,-912.723586E-03,-13.569095566E+00
+557.500E-06,-766.994944E-03,-13.531407123E+00
+560.000E-06,-832.321577E-03,-13.631909637E+00
+562.500E-06,-686.592935E-03,-13.531407123E+00
+565.000E-06,-671.517558E-03,-13.506281495E+00
+567.500E-06,-671.517558E-03,-13.669598079E+00
+570.000E-06,-591.115549E-03,-13.707286522E+00
+572.500E-06,-525.788917E-03,-13.506281495E+00
+575.000E-06,-540.864293E-03,-13.368090539E+00
+577.500E-06,-510.713540E-03,-13.506281495E+00
+580.000E-06,-510.713540E-03,-13.707286522E+00
+582.500E-06,-430.311531E-03,-13.707286522E+00
+585.000E-06,-460.462284E-03,-13.707286522E+00
+587.500E-06,-299.658266E-03,-13.506281495E+00
+590.000E-06,-349.909522E-03,-13.707286522E+00
+592.500E-06,-284.582889E-03,-13.506281495E+00
+595.000E-06,-269.507512E-03,-13.506281495E+00
+597.500E-06,-259.457261E-03,-13.531407123E+00
+600.000E-06,-189.105503E-03,-13.631909637E+00
+602.500E-06,-123.778871E-03,-13.506281495E+00
+605.000E-06,-189.105503E-03,-13.506281495E+00
+607.500E-06,-98.653243E-03,-13.506281495E+00
+610.000E-06,+21.949771E-03,-13.631909637E+00
+612.500E-06,-28.301485E-03,-13.506281495E+00
+615.000E-06,-28.301485E-03,-13.569095566E+00
+617.500E-06,+52.100524E-03,-13.832914663E+00
+620.000E-06,+52.100524E-03,-13.707286522E+00
+622.500E-06,+117.427157E-03,-13.506281495E+00
+625.000E-06,+132.502533E-03,-13.506281495E+00
+627.500E-06,+142.552785E-03,-13.531407123E+00
+630.000E-06,+182.753789E-03,-13.569095566E+00
+632.500E-06,+222.954794E-03,-13.531407123E+00
+635.000E-06,+238.030171E-03,-13.707286522E+00
+637.500E-06,+358.633184E-03,-13.531407123E+00
+640.000E-06,+398.834189E-03,-13.631909637E+00
+642.500E-06,+439.035194E-03,-13.707286522E+00
+645.000E-06,+454.110570E-03,-13.569095566E+00
+647.500E-06,+519.437203E-03,-13.506281495E+00
+650.000E-06,+534.512579E-03,-13.707286522E+00
+652.500E-06,+544.562831E-03,-13.707286522E+00
+655.000E-06,+534.512579E-03,-13.569095566E+00
+657.500E-06,+544.562831E-03,-13.669598079E+00
+660.000E-06,+614.914589E-03,-13.569095566E+00
+662.500E-06,+614.914589E-03,-13.531407123E+00
+665.000E-06,+720.442226E-03,-13.569095566E+00
+667.500E-06,+695.316598E-03,-13.506281495E+00
+670.000E-06,+775.718607E-03,-13.631909637E+00
+672.500E-06,+760.643230E-03,-13.531407123E+00
+675.000E-06,+856.120616E-03,-13.506281495E+00
+677.500E-06,+866.170867E-03,-13.330402097E+00
+680.000E-06,+856.120616E-03,-13.631909637E+00
+682.500E-06,+866.170867E-03,-13.669598079E+00
+685.000E-06,+1.016924635E+00,-13.569095566E+00
+687.500E-06,+1.001849258E+00,-13.506281495E+00
+690.000E-06,+1.016924635E+00,-13.707286522E+00
+692.500E-06,+1.162653276E+00,-13.707286522E+00
+695.000E-06,+1.147577900E+00,-13.506281495E+00
+697.500E-06,+1.162653276E+00,-13.506281495E+00
+700.000E-06,+1.177728653E+00,-13.569095566E+00
+702.500E-06,+1.122452272E+00,-13.707286522E+00
+705.000E-06,+1.258130662E+00,-13.506281495E+00
+707.500E-06,+1.258130662E+00,-13.669598079E+00
+710.000E-06,+1.338532671E+00,-13.631909637E+00
+712.500E-06,+1.323457295E+00,-13.669598079E+00
+715.000E-06,+1.388783927E+00,-13.569095566E+00
+717.500E-06,+1.403859304E+00,-13.506281495E+00
+720.000E-06,+1.418934681E+00,-13.569095566E+00
+722.500E-06,+1.428984932E+00,-13.506281495E+00
+725.000E-06,+1.549587945E+00,-13.631909637E+00
+727.500E-06,+1.509386941E+00,-13.506281495E+00
+730.000E-06,+1.524462318E+00,-13.707286522E+00
+732.500E-06,+1.589788950E+00,-13.506281495E+00
+735.000E-06,+1.660140708E+00,-13.631909637E+00
+737.500E-06,+1.660140708E+00,-13.707286522E+00
+740.000E-06,+1.685266336E+00,-13.569095566E+00
+742.500E-06,+1.740542717E+00,-13.531407123E+00
+745.000E-06,+1.740542717E+00,-13.430904610E+00
+747.500E-06,+1.805869350E+00,-12.526381990E+00
+750.000E-06,+1.846070354E+00,-11.697236255E+00
+752.500E-06,+1.886271359E+00,-10.692211121E+00
+755.000E-06,+1.846070354E+00,-9.750000059E+00
+757.500E-06,+1.886271359E+00,-8.883165881E+00
+760.000E-06,+1.871195982E+00,-7.677135721E+00
+762.500E-06,+1.911396987E+00,-6.697236216E+00
+765.000E-06,+1.926472364E+00,-5.868090481E+00
+767.500E-06,+1.966673368E+00,-4.888190975E+00
+770.000E-06,+1.951597991E+00,-3.983668355E+00
+772.500E-06,+1.981748745E+00,-3.054020107E+00
+775.000E-06,+1.926472364E+00,-2.124371858E+00
+777.500E-06,+1.926472364E+00,-1.244974867E+00
+780.000E-06,+2.062150754E+00,-177.135662E-03
+782.500E-06,+2.062150754E+00,+124.371878E-03
+785.000E-06,+1.951597991E+00,+162.060320E-03
+787.500E-06,+2.609889442E+00,+790.201029E-03
+790.000E-06,+1.981748745E+00,+1.770100534E+00
+792.500E-06,+1.966673368E+00,+2.574120641E+00
+795.000E-06,+1.926472364E+00,+3.704773916E+00
+797.500E-06,+1.901346736E+00,+4.345477439E+00
+800.000E-06,+1.951597991E+00,+5.451005085E+00
+802.500E-06,+1.901346736E+00,+6.757537759E+00
+805.000E-06,+1.846070354E+00,+7.260050326E+00
+807.500E-06,+1.846070354E+00,+8.302763902E+00
+810.000E-06,+1.981748745E+00,+9.533919690E+00
+812.500E-06,+1.871195982E+00,+10.501256381E+00
+815.000E-06,+1.846070354E+00,+11.418341815E+00
+817.500E-06,+1.685266336E+00,+12.021356896E+00
+820.000E-06,+1.710391964E+00,+12.624371976E+00
+822.500E-06,+1.660140708E+00,+13.428392082E+00
+825.000E-06,+1.604864327E+00,+13.428392082E+00
+827.500E-06,+1.589788950E+00,+13.227387056E+00
+830.000E-06,+1.549587945E+00,+13.227387056E+00
+832.500E-06,+1.499336690E+00,+13.428392082E+00
+835.000E-06,+1.388783927E+00,+13.089196100E+00
+837.500E-06,+1.348582922E+00,+13.227387056E+00
+840.000E-06,+1.363658299E+00,+13.554020224E+00
+842.500E-06,+1.268180913E+00,+13.227387056E+00
+845.000E-06,+1.338532671E+00,+13.227387056E+00
+847.500E-06,+1.258130662E+00,+13.051507657E+00
+850.000E-06,+1.258130662E+00,+13.428392082E+00
+852.500E-06,+1.243055285E+00,+13.252512684E+00
+855.000E-06,+1.122452272E+00,+13.227387056E+00
+857.500E-06,+1.097326644E+00,+13.554020224E+00
+860.000E-06,+1.097326644E+00,+13.428392082E+00
+862.500E-06,+1.026974886E+00,+13.252512684E+00
+865.000E-06,+1.016924635E+00,+13.290201127E+00
+867.500E-06,+866.170867E-03,+13.227387056E+00
+870.000E-06,+986.773881E-03,+13.290201127E+00
+872.500E-06,+856.120616E-03,+13.252512684E+00
+875.000E-06,+856.120616E-03,+13.227387056E+00
+877.500E-06,+785.768858E-03,+13.227387056E+00
+880.000E-06,+800.844235E-03,+13.353015197E+00
+882.500E-06,+775.718607E-03,+13.252512684E+00
+885.000E-06,+745.567854E-03,+13.227387056E+00
+887.500E-06,+705.366849E-03,+13.227387056E+00
+890.000E-06,+614.914589E-03,+13.353015197E+00
+892.500E-06,+614.914589E-03,+13.252512684E+00
+895.000E-06,+614.914589E-03,+13.290201127E+00
+897.500E-06,+614.914589E-03,+13.227387056E+00
+900.000E-06,+504.361826E-03,+13.227387056E+00
+902.500E-06,+519.437203E-03,+13.390703640E+00
+905.000E-06,+454.110570E-03,+13.353015197E+00
+907.500E-06,+383.758812E-03,+13.252512684E+00
+910.000E-06,+373.708561E-03,+13.227387056E+00
+912.500E-06,+303.356803E-03,+13.390703640E+00
+915.000E-06,+318.432180E-03,+13.353015197E+00
+917.500E-06,+238.030171E-03,+13.227387056E+00
+920.000E-06,+182.753789E-03,+13.290201127E+00
+922.500E-06,+142.552785E-03,+13.390703640E+00
+925.000E-06,+157.628161E-03,+13.353015197E+00
+927.500E-06,+132.502533E-03,+13.353015197E+00
+930.000E-06,+182.753789E-03,+13.290201127E+00
+932.500E-06,+62.150775E-03,+13.252512684E+00
+935.000E-06,+102.351780E-03,+13.152010171E+00
+937.500E-06,+52.100524E-03,+13.227387056E+00
+940.000E-06,+21.949771E-03,+13.227387056E+00
+942.500E-06,-108.703494E-03,+13.227387056E+00
+945.000E-06,-83.577866E-03,+13.227387056E+00
+947.500E-06,-108.703494E-03,+13.227387056E+00
+950.000E-06,-189.105503E-03,+13.290201127E+00
+952.500E-06,-259.457261E-03,+13.428392082E+00
+955.000E-06,-244.381885E-03,+13.227387056E+00
+957.500E-06,-339.859270E-03,+13.428392082E+00
+960.000E-06,-324.783894E-03,+13.353015197E+00
+962.500E-06,-349.909522E-03,+13.428392082E+00
+965.000E-06,-405.185903E-03,+13.290201127E+00
+967.500E-06,-349.909522E-03,+13.252512684E+00
+970.000E-06,-430.311531E-03,+13.227387056E+00
+972.500E-06,-430.311531E-03,+13.390703640E+00
+975.000E-06,-540.864293E-03,+13.152010171E+00
+977.500E-06,-525.788917E-03,+13.227387056E+00
+980.000E-06,-510.713540E-03,+13.428392082E+00
+982.500E-06,-591.115549E-03,+13.428392082E+00
+985.000E-06,-621.266303E-03,+13.428392082E+00
+987.500E-06,-671.517558E-03,+13.390703640E+00
+990.000E-06,-671.517558E-03,+13.152010171E+00
+992.500E-06,-686.592935E-03,+13.390703640E+00
+995.000E-06,-751.919568E-03,+13.227387056E+00
+997.500E-06,-741.869316E-03,+13.390703640E+00
+1.000000E-03,-751.919568E-03,+13.353015197E+00
+1.002500E-03,-902.673335E-03,+13.252512684E+00
+1.005000E-03,-862.472330E-03,+13.353015197E+00
+1.007500E-03,-912.723586E-03,+13.390703640E+00
+1.010000E-03,-942.874339E-03,+13.428392082E+00
+1.012500E-03,-993.125595E-03,+13.252512684E+00
+1.015000E-03,-993.125595E-03,+13.428392082E+00
+1.017500E-03,-1.008200972E+00,+13.189698613E+00
+1.020000E-03,-993.125595E-03,+13.227387056E+00
+1.022500E-03,-1.073527604E+00,+13.390703640E+00
+1.025000E-03,-1.153929614E+00,+13.353015197E+00
+1.027500E-03,-1.234331623E+00,+13.227387056E+00
+1.030000E-03,-1.264482376E+00,+13.428392082E+00
+1.032500E-03,-1.169004990E+00,+13.227387056E+00
+1.035000E-03,-1.314733632E+00,+13.227387056E+00
+1.037500E-03,-1.314733632E+00,+13.390703640E+00
+1.040000E-03,-1.314733632E+00,+13.428392082E+00
+1.042500E-03,-1.395135641E+00,+13.227387056E+00
+1.045000E-03,-1.450412022E+00,+13.227387056E+00
+1.047500E-03,-1.410211018E+00,+13.390703640E+00
+1.050000E-03,-1.475537650E+00,+13.227387056E+00
+1.052500E-03,-1.475537650E+00,+13.051507657E+00
+1.055000E-03,-1.555939659E+00,+13.227387056E+00
+1.057500E-03,-1.545889408E+00,+12.146985037E+00
+1.060000E-03,-1.611216041E+00,+10.815326735E+00
+1.062500E-03,-1.636341669E+00,+9.835427230E+00
+1.065000E-03,-1.611216041E+00,+9.408291548E+00
+1.067500E-03,-1.716743678E+00,+8.403266415E+00
+1.070000E-03,-1.666492422E+00,+7.599246308E+00
+1.072500E-03,-1.787095436E+00,+6.657035246E+00
+1.075000E-03,-1.797145687E+00,+5.513819156E+00
+1.077500E-03,-1.716743678E+00,+4.546482465E+00
+1.080000E-03,-1.772020059E+00,+3.579145774E+00
+1.082500E-03,-1.772020059E+00,+2.574120641E+00
+1.085000E-03,-1.772020059E+00,+1.569095507E+00
+1.087500E-03,-1.867497445E+00,+388.190975E-03
+1.090000E-03,-2.068502468E+00,-315.326618E-03
+1.092500E-03,-1.877547696E+00,-38.944706E-03
+1.095000E-03,-1.746894431E+00,-641.959786E-03
+1.097500E-03,-1.787095436E+00,-1.445979893E+00
+1.100000E-03,-1.716743678E+00,-2.513819098E+00
+1.102500E-03,-1.716743678E+00,-3.619346744E+00
+1.105000E-03,-1.716743678E+00,-4.662060320E+00
+1.107500E-03,-1.716743678E+00,-5.491206056E+00
+1.110000E-03,-1.636341669E+00,-6.672110587E+00
+1.112500E-03,-1.586090413E+00,-7.639447278E+00
+1.115000E-03,-1.611216041E+00,-8.807788996E+00
+1.117500E-03,-1.571015036E+00,-9.687185988E+00
+1.120000E-03,-1.611216041E+00,-10.692211121E+00
+1.122500E-03,-1.555939659E+00,-11.496231228E+00
+1.125000E-03,-1.530814032E+00,-12.564070432E+00
+1.127500E-03,-1.475537650E+00,-13.506281495E+00
+1.130000E-03,-1.395135641E+00,-13.707286522E+00
+1.132500E-03,-1.279557753E+00,-13.707286522E+00
+1.135000E-03,-1.289608004E+00,-13.569095566E+00
+1.137500E-03,-1.234331623E+00,-13.506281495E+00
+1.140000E-03,-1.234331623E+00,-13.707286522E+00
+1.142500E-03,-1.153929614E+00,-13.669598079E+00
+1.145000E-03,-1.153929614E+00,-13.707286522E+00
+1.147500E-03,-1.143879362E+00,-13.832914663E+00
+1.150000E-03,-1.073527604E+00,-13.569095566E+00
+1.152500E-03,-993.125595E-03,-13.707286522E+00
+1.155000E-03,-993.125595E-03,-13.569095566E+00
+1.157500E-03,-862.472330E-03,-13.531407123E+00
+1.160000E-03,-912.723586E-03,-13.707286522E+00
+1.162500E-03,-832.321577E-03,-13.669598079E+00
+1.165000E-03,-782.070321E-03,-13.569095566E+00
+1.167500E-03,-701.668312E-03,-13.870603106E+00
+1.170000E-03,-751.919568E-03,-13.506281495E+00
+1.172500E-03,-686.592935E-03,-13.531407123E+00
+1.175000E-03,-726.793940E-03,-13.770100593E+00
+1.177500E-03,-671.517558E-03,-13.669598079E+00
+1.180000E-03,-646.391931E-03,-13.569095566E+00
+1.182500E-03,-591.115549E-03,-13.707286522E+00
+1.185000E-03,-510.713540E-03,-13.506281495E+00
+1.187500E-03,-430.311531E-03,-13.870603106E+00
+1.190000E-03,-460.462284E-03,-13.707286522E+00
+1.192500E-03,-430.311531E-03,-13.506281495E+00
+1.195000E-03,-405.185903E-03,-13.631909637E+00
+1.197500E-03,-364.984898E-03,-13.669598079E+00
+1.200000E-03,-324.783894E-03,-13.631909637E+00
+1.202500E-03,-269.507512E-03,-13.669598079E+00
+1.205000E-03,-244.381885E-03,-13.707286522E+00
+1.207500E-03,-204.180880E-03,-13.669598079E+00
+1.210000E-03,-189.105503E-03,-13.569095566E+00
+1.212500E-03,-108.703494E-03,-13.669598079E+00
+1.215000E-03,-108.703494E-03,-13.631909637E+00
+1.217500E-03,-108.703494E-03,-13.707286522E+00
+1.220000E-03,-28.301485E-03,-13.569095566E+00
+1.222500E-03,+52.100524E-03,-13.531407123E+00
+1.225000E-03,-3.175857E-03,-13.569095566E+00
+1.227500E-03,+52.100524E-03,-13.669598079E+00
+1.230000E-03,+132.502533E-03,-13.631909637E+00
+1.232500E-03,+132.502533E-03,-13.569095566E+00
+1.235000E-03,+182.753789E-03,-13.631909637E+00
+1.237500E-03,+222.954794E-03,-13.531407123E+00
+1.240000E-03,+212.904543E-03,-13.569095566E+00
+1.242500E-03,+212.904543E-03,-13.531407123E+00
+1.245000E-03,+293.306552E-03,-13.707286522E+00
+1.247500E-03,+373.708561E-03,-13.531407123E+00
+1.250000E-03,+398.834189E-03,-13.506281495E+00
+1.252500E-03,+454.110570E-03,-13.506281495E+00
+1.255000E-03,+454.110570E-03,-13.569095566E+00
+1.257500E-03,+439.035194E-03,-13.707286522E+00
+1.260000E-03,+479.236198E-03,-13.707286522E+00
+1.262500E-03,+534.512579E-03,-13.506281495E+00
+1.265000E-03,+559.638207E-03,-13.707286522E+00
+1.267500E-03,+544.562831E-03,-13.707286522E+00
+1.270000E-03,+695.316598E-03,-13.569095566E+00
+1.272500E-03,+695.316598E-03,-13.506281495E+00
+1.275000E-03,+695.316598E-03,-13.631909637E+00
+1.277500E-03,+760.643230E-03,-13.669598079E+00
+1.280000E-03,+856.120616E-03,-13.506281495E+00
+1.282500E-03,+856.120616E-03,-13.707286522E+00
+1.285000E-03,+881.246244E-03,-13.569095566E+00
+1.287500E-03,+936.522625E-03,-13.506281495E+00
+1.290000E-03,+936.522625E-03,-13.770100593E+00
+1.292500E-03,+946.572877E-03,-13.531407123E+00
+1.295000E-03,+961.648253E-03,-13.506281495E+00
+1.297500E-03,+1.067175890E+00,-13.707286522E+00
+1.300000E-03,+1.042050262E+00,-13.707286522E+00
+1.302500E-03,+1.107376895E+00,-13.707286522E+00
+1.305000E-03,+1.097326644E+00,-13.707286522E+00
+1.307500E-03,+1.097326644E+00,-13.669598079E+00
+1.310000E-03,+1.202854281E+00,-13.631909637E+00
+1.312500E-03,+1.177728653E+00,-13.707286522E+00
+1.315000E-03,+1.258130662E+00,-13.569095566E+00
+1.317500E-03,+1.258130662E+00,-13.506281495E+00
+1.320000E-03,+1.338532671E+00,-13.707286522E+00
+1.322500E-03,+1.348582922E+00,-13.531407123E+00
+1.325000E-03,+1.388783927E+00,-13.707286522E+00
+1.327500E-03,+1.428984932E+00,-13.531407123E+00
+1.330000E-03,+1.418934681E+00,-13.506281495E+00
+1.332500E-03,+1.444060308E+00,-13.669598079E+00
+1.335000E-03,+1.499336690E+00,-13.506281495E+00
+1.337500E-03,+1.524462318E+00,-13.707286522E+00
+1.340000E-03,+1.604864327E+00,-13.506281495E+00
+1.342500E-03,+1.579738699E+00,-13.506281495E+00
+1.345000E-03,+1.710391964E+00,-13.506281495E+00
+1.347500E-03,+1.725467341E+00,-13.669598079E+00
+1.350000E-03,+1.740542717E+00,-13.631909637E+00
+1.352500E-03,+1.740542717E+00,-13.669598079E+00
+1.355000E-03,+1.740542717E+00,-12.827889530E+00
+1.357500E-03,+1.886271359E+00,-11.923366910E+00
+1.360000E-03,+1.820944726E+00,-11.094221175E+00
+1.362500E-03,+1.886271359E+00,-9.951005085E+00
+1.365000E-03,+1.846070354E+00,-9.084170908E+00
+1.367500E-03,+1.901346736E+00,-8.079145774E+00
+1.370000E-03,+1.951597991E+00,-7.074120641E+00
+1.372500E-03,+1.901346736E+00,-6.270100534E+00
+1.375000E-03,+1.951597991E+00,-5.265075400E+00
+1.377500E-03,+1.911396987E+00,-4.285175895E+00
+1.380000E-03,+1.926472364E+00,-3.255025133E+00
+1.382500E-03,+2.032000001E+00,-2.312814071E+00
+1.385000E-03,+2.006874373E+00,-1.383165822E+00
+1.387500E-03,+1.911396987E+00,-440.954760E-03
+1.390000E-03,+1.951597991E+00,-38.944706E-03
+1.392500E-03,+1.911396987E+00,-38.944706E-03
+1.395000E-03,+2.328482409E+00,+564.070374E-03
+1.397500E-03,+2.233005024E+00,+1.368090481E+00
+1.400000E-03,+2.006874373E+00,+2.297738729E+00
+1.402500E-03,+1.911396987E+00,+3.378140748E+00
+1.405000E-03,+1.951597991E+00,+4.508794023E+00
+1.407500E-03,+1.901346736E+00,+5.212311616E+00
+1.410000E-03,+1.896321610E+00,+5.991206095E+00
+1.412500E-03,+1.966673368E+00,+6.858040272E+00
+1.415000E-03,+1.820944726E+00,+8.403266415E+00
+1.417500E-03,+1.830994978E+00,+8.893216168E+00
+1.420000E-03,+1.710391964E+00,+10.212311655E+00
+1.422500E-03,+1.886271359E+00,+11.418341815E+00
+1.425000E-03,+1.685266336E+00,+11.280150860E+00
+1.427500E-03,+1.645065331E+00,+12.448492577E+00
+1.430000E-03,+1.660140708E+00,+13.491206153E+00
+1.432500E-03,+1.509386941E+00,+13.252512684E+00
+1.435000E-03,+1.604864327E+00,+13.353015197E+00
+1.437500E-03,+1.589788950E+00,+13.428392082E+00
+1.440000E-03,+1.499336690E+00,+13.353015197E+00
+1.442500E-03,+1.418934681E+00,+13.227387056E+00
+1.445000E-03,+1.388783927E+00,+13.428392082E+00
+1.447500E-03,+1.403859304E+00,+13.390703640E+00
+1.450000E-03,+1.308381918E+00,+13.227387056E+00
+1.452500E-03,+1.323457295E+00,+13.227387056E+00
+1.455000E-03,+1.308381918E+00,+13.290201127E+00
+1.457500E-03,+1.258130662E+00,+13.428392082E+00
+1.460000E-03,+1.227979909E+00,+13.353015197E+00
+1.462500E-03,+1.177728653E+00,+13.227387056E+00
+1.465000E-03,+1.177728653E+00,+13.353015197E+00
+1.467500E-03,+1.097326644E+00,+13.189698613E+00
+1.470000E-03,+1.097326644E+00,+13.353015197E+00
+1.472500E-03,+961.648253E-03,+13.252512684E+00
+1.475000E-03,+961.648253E-03,+13.353015197E+00
+1.477500E-03,+946.572877E-03,+13.390703640E+00
+1.480000E-03,+881.246244E-03,+13.428392082E+00
+1.482500E-03,+856.120616E-03,+13.227387056E+00
+1.485000E-03,+856.120616E-03,+13.290201127E+00
+1.487500E-03,+841.045239E-03,+13.252512684E+00
+1.490000E-03,+775.718607E-03,+13.428392082E+00
+1.492500E-03,+760.643230E-03,+13.390703640E+00
+1.495000E-03,+745.567854E-03,+13.290201127E+00
+1.497500E-03,+624.964840E-03,+13.428392082E+00
+1.500000E-03,+695.316598E-03,+13.353015197E+00
+1.502500E-03,+599.839212E-03,+13.390703640E+00
+1.505000E-03,+584.763835E-03,+13.353015197E+00
+1.507500E-03,+464.160821E-03,+13.252512684E+00
+1.510000E-03,+454.110570E-03,+13.290201127E+00
+1.512500E-03,+454.110570E-03,+13.353015197E+00
+1.515000E-03,+454.110570E-03,+13.428392082E+00
+1.517500E-03,+373.708561E-03,+13.189698613E+00
+1.520000E-03,+318.432180E-03,+13.353015197E+00
+1.522500E-03,+373.708561E-03,+13.252512684E+00
+1.525000E-03,+343.557808E-03,+13.428392082E+00
+1.527500E-03,+293.306552E-03,+13.227387056E+00
+1.530000E-03,+182.753789E-03,+13.227387056E+00
+1.532500E-03,+263.155798E-03,+13.428392082E+00
+1.535000E-03,+132.502533E-03,+13.227387056E+00
+1.537500E-03,+117.427157E-03,+13.227387056E+00
+1.540000E-03,+52.100524E-03,+13.428392082E+00
+1.542500E-03,+52.100524E-03,+13.390703640E+00
+1.545000E-03,+52.100524E-03,+13.290201127E+00
+1.547500E-03,-43.376862E-03,+13.353015197E+00
+1.550000E-03,-28.301485E-03,+13.428392082E+00
+1.552500E-03,-28.301485E-03,+13.353015197E+00
+1.555000E-03,-108.703494E-03,+13.227387056E+00
+1.557500E-03,-123.778871E-03,+13.252512684E+00
+1.560000E-03,-189.105503E-03,+13.227387056E+00
+1.562500E-03,-259.457261E-03,+13.390703640E+00
+1.565000E-03,-244.381885E-03,+13.227387056E+00
+1.567500E-03,-204.180880E-03,+13.428392082E+00
+1.570000E-03,-269.507512E-03,+13.428392082E+00
+1.572500E-03,-269.507512E-03,+13.252512684E+00
+1.575000E-03,-349.909522E-03,+13.428392082E+00
+1.577500E-03,-445.386908E-03,+13.227387056E+00
+1.580000E-03,-460.462284E-03,+13.428392082E+00
+1.582500E-03,-500.663289E-03,+13.390703640E+00
+1.585000E-03,-510.713540E-03,+13.089196100E+00
+1.587500E-03,-525.788917E-03,+13.252512684E+00
+1.590000E-03,-591.115549E-03,+13.227387056E+00
+1.592500E-03,-606.190926E-03,+13.227387056E+00
+1.595000E-03,-646.391931E-03,+13.290201127E+00
+1.597500E-03,-671.517558E-03,+13.189698613E+00
+1.600000E-03,-701.668312E-03,+13.353015197E+00
+1.602500E-03,-741.869316E-03,+13.390703640E+00
+1.605000E-03,-751.919568E-03,+13.428392082E+00
+1.607500E-03,-822.271326E-03,+13.189698613E+00
+1.610000E-03,-887.597958E-03,+13.353015197E+00
+1.612500E-03,-832.321577E-03,+13.227387056E+00
+1.615000E-03,-912.723586E-03,+13.227387056E+00
+1.617500E-03,-912.723586E-03,+13.227387056E+00
+1.620000E-03,-912.723586E-03,+13.290201127E+00
+1.622500E-03,-993.125595E-03,+13.089196100E+00
+1.625000E-03,-1.023276349E+00,+13.227387056E+00
+1.627500E-03,-1.008200972E+00,+13.390703640E+00
+1.630000E-03,-1.048401976E+00,+13.353015197E+00
+1.632500E-03,-1.153929614E+00,+13.428392082E+00
+1.635000E-03,-1.128803986E+00,+13.227387056E+00
+1.637500E-03,-1.234331623E+00,+13.390703640E+00
+1.640000E-03,-1.184080367E+00,+13.428392082E+00
+1.642500E-03,-1.304683381E+00,+13.227387056E+00
+1.645000E-03,-1.234331623E+00,+13.428392082E+00
+1.647500E-03,-1.329809009E+00,+13.390703640E+00
+1.650000E-03,-1.344884385E+00,+13.353015197E+00
+1.652500E-03,-1.395135641E+00,+13.252512684E+00
+1.655000E-03,-1.450412022E+00,+13.428392082E+00
+1.657500E-03,-1.490613027E+00,+13.227387056E+00
+1.660000E-03,-1.505688404E+00,+13.227387056E+00
+1.662500E-03,-1.555939659E+00,+13.227387056E+00
+1.665000E-03,-1.555939659E+00,+12.146985037E+00
+1.667500E-03,-1.555939659E+00,+11.845477497E+00
+1.670000E-03,-1.636341669E+00,+10.677135780E+00
+1.672500E-03,-1.636341669E+00,+9.810301602E+00
+1.675000E-03,-1.716743678E+00,+8.528894557E+00
+1.677500E-03,-1.651417045E+00,+7.888191034E+00
+1.680000E-03,-1.636341669E+00,+7.059045299E+00
+1.682500E-03,-1.731819055E+00,+5.790201068E+00
+1.685000E-03,-1.746894431E+00,+4.986180961E+00
+1.687500E-03,-1.787095436E+00,+3.842964872E+00
+1.690000E-03,-1.716743678E+00,+2.900753809E+00
+1.692500E-03,-1.797145687E+00,+1.795226162E+00
+1.695000E-03,-1.716743678E+00,+1.028894498E+00
+1.697500E-03,-1.852422068E+00,+124.371878E-03
+1.700000E-03,-2.174030105E+00,-516.331645E-03
+1.702500E-03,-1.746894431E+00,-440.954760E-03
+1.705000E-03,-1.716743678E+00,-1.320351752E+00
+1.707500E-03,-1.787095436E+00,-2.413316584E+00
+1.710000E-03,-1.746894431E+00,-3.255025133E+00
+1.712500E-03,-1.731819055E+00,-4.260050267E+00
+1.715000E-03,-1.746894431E+00,-5.265075400E+00
+1.717500E-03,-1.651417045E+00,-6.270100534E+00
+1.720000E-03,-1.666492422E+00,-7.337939738E+00
+1.722500E-03,-1.636341669E+00,-8.305276429E+00
+1.725000E-03,-1.555939659E+00,-9.347990005E+00
+1.727500E-03,-1.555939659E+00,-10.453517652E+00
+1.730000E-03,-1.505688404E+00,-11.295226201E+00
+1.732500E-03,-1.545889408E+00,-12.300251335E+00
+1.735000E-03,-1.425286395E+00,-13.368090539E+00
+1.737500E-03,-1.410211018E+00,-13.707286522E+00
+1.740000E-03,-1.395135641E+00,-13.506281495E+00
+1.742500E-03,-1.249406999E+00,-13.669598079E+00
+1.745000E-03,-1.234331623E+00,-13.569095566E+00
+1.747500E-03,-1.234331623E+00,-13.506281495E+00
+1.750000E-03,-1.234331623E+00,-13.631909637E+00
+1.752500E-03,-1.153929614E+00,-13.506281495E+00
+1.755000E-03,-1.073527604E+00,-13.631909637E+00
+1.757500E-03,-1.088602981E+00,-13.669598079E+00
+1.760000E-03,-1.023276349E+00,-13.569095566E+00
+1.762500E-03,-993.125595E-03,-13.506281495E+00
+1.765000E-03,-967.999967E-03,-13.569095566E+00
+1.767500E-03,-912.723586E-03,-13.506281495E+00
+1.770000E-03,-912.723586E-03,-13.506281495E+00
+1.772500E-03,-847.396953E-03,-13.506281495E+00
+1.775000E-03,-832.321577E-03,-13.430904610E+00
+1.777500E-03,-701.668312E-03,-13.506281495E+00
+1.780000E-03,-751.919568E-03,-13.569095566E+00
+1.782500E-03,-671.517558E-03,-13.506281495E+00
+1.785000E-03,-646.391931E-03,-13.631909637E+00
+1.787500E-03,-661.467307E-03,-13.506281495E+00
+1.790000E-03,-591.115549E-03,-13.506281495E+00
+1.792500E-03,-510.713540E-03,-13.506281495E+00
+1.795000E-03,-540.864293E-03,-13.707286522E+00
+1.797500E-03,-430.311531E-03,-13.707286522E+00
+1.800000E-03,-430.311531E-03,-13.506281495E+00
+1.802500E-03,-430.311531E-03,-13.669598079E+00
+1.805000E-03,-405.185903E-03,-13.631909637E+00
+1.807500E-03,-349.909522E-03,-13.707286522E+00
+1.810000E-03,-244.381885E-03,-13.569095566E+00
+1.812500E-03,-259.457261E-03,-13.531407123E+00
+1.815000E-03,-189.105503E-03,-13.631909637E+00
+1.817500E-03,-123.778871E-03,-13.707286522E+00
+1.820000E-03,-163.979875E-03,-13.707286522E+00
+1.822500E-03,-179.055252E-03,-13.669598079E+00
+1.825000E-03,-58.452238E-03,-13.569095566E+00
+1.827500E-03,-108.703494E-03,-13.669598079E+00
+1.830000E-03,-3.175857E-03,-13.569095566E+00
+1.832500E-03,+102.351780E-03,-13.506281495E+00
+1.835000E-03,+52.100524E-03,-13.569095566E+00
+1.837500E-03,+52.100524E-03,-13.707286522E+00
+1.840000E-03,+182.753789E-03,-13.707286522E+00
+1.842500E-03,+132.502533E-03,-13.669598079E+00
+1.845000E-03,+212.904543E-03,-13.631909637E+00
+1.847500E-03,+278.231175E-03,-13.506281495E+00
+1.850000E-03,+238.030171E-03,-13.569095566E+00
+1.852500E-03,+358.633184E-03,-13.506281495E+00
+1.855000E-03,+343.557808E-03,-13.569095566E+00
+1.857500E-03,+303.356803E-03,-13.531407123E+00
+1.860000E-03,+373.708561E-03,-13.631909637E+00
+1.862500E-03,+454.110570E-03,-13.707286522E+00
+1.865000E-03,+454.110570E-03,-13.506281495E+00
+1.867500E-03,+519.437203E-03,-13.506281495E+00
+1.870000E-03,+584.763835E-03,-13.506281495E+00
+1.872500E-03,+665.165844E-03,-13.506281495E+00
+1.875000E-03,+584.763835E-03,-13.506281495E+00
+1.877500E-03,+695.316598E-03,-13.506281495E+00
+1.880000E-03,+640.040217E-03,-13.368090539E+00
+1.882500E-03,+695.316598E-03,-13.707286522E+00
+1.885000E-03,+695.316598E-03,-13.707286522E+00
+1.887500E-03,+760.643230E-03,-13.531407123E+00
+1.890000E-03,+856.120616E-03,-13.707286522E+00
+1.892500E-03,+856.120616E-03,-13.531407123E+00
+1.895000E-03,+856.120616E-03,-13.569095566E+00
+1.897500E-03,+866.170867E-03,-13.707286522E+00
+1.900000E-03,+936.522625E-03,-13.506281495E+00
+1.902500E-03,+1.001849258E+00,-13.531407123E+00
+1.905000E-03,+961.648253E-03,-13.631909637E+00
+1.907500E-03,+1.016924635E+00,-13.506281495E+00
+1.910000E-03,+1.042050262E+00,-13.631909637E+00
+1.912500E-03,+1.097326644E+00,-13.707286522E+00
+1.915000E-03,+1.097326644E+00,-13.631909637E+00
+1.917500E-03,+1.177728653E+00,-13.707286522E+00
+1.920000E-03,+1.258130662E+00,-13.506281495E+00
+1.922500E-03,+1.258130662E+00,-13.669598079E+00
+1.925000E-03,+1.258130662E+00,-13.569095566E+00
+1.927500E-03,+1.323457295E+00,-13.707286522E+00
+1.930000E-03,+1.338532671E+00,-13.707286522E+00
+1.932500E-03,+1.418934681E+00,-13.531407123E+00
+1.935000E-03,+1.388783927E+00,-13.569095566E+00
+1.937500E-03,+1.499336690E+00,-13.531407123E+00
+1.940000E-03,+1.418934681E+00,-13.569095566E+00
+1.942500E-03,+1.499336690E+00,-13.506281495E+00
+1.945000E-03,+1.579738699E+00,-13.506281495E+00
+1.947500E-03,+1.579738699E+00,-13.669598079E+00
+1.950000E-03,+1.579738699E+00,-13.707286522E+00
+1.952500E-03,+1.725467341E+00,-13.506281495E+00
+1.955000E-03,+1.685266336E+00,-13.506281495E+00
+1.957500E-03,+1.660140708E+00,-13.506281495E+00
+1.960000E-03,+1.740542717E+00,-13.506281495E+00
+1.962500E-03,+1.750592968E+00,-13.104271442E+00
+1.965000E-03,+1.790793973E+00,-12.099246308E+00
+1.967500E-03,+1.886271359E+00,-11.295226201E+00
+1.970000E-03,+1.846070354E+00,-10.290201068E+00
+1.972500E-03,+1.886271359E+00,-9.448492519E+00
+1.975000E-03,+1.901346736E+00,-8.481155828E+00
+1.977500E-03,+1.966673368E+00,-7.501256322E+00
+1.980000E-03,+1.981748745E+00,-6.471105561E+00
+1.982500E-03,+1.911396987E+00,-5.528894498E+00
+1.985000E-03,+1.951597991E+00,-4.662060320E+00
+1.987500E-03,+1.981748745E+00,-3.657035187E+00
+1.990000E-03,+1.951597991E+00,-2.652010053E+00
+1.992500E-03,+1.966673368E+00,-1.684673362E+00
+1.995000E-03,+2.032000001E+00,-780.150742E-03
+1.997500E-03,+1.991798996E+00,-76.633149E-03
+2.000000E-03,+1.981748745E+00,+23.869365E-03
+2.002500E-03,+2.032000001E+00,+325.376905E-03
+2.005000E-03,+2.514412056E+00,+1.091708569E+00
+2.007500E-03,+1.981748745E+00,+2.172110587E+00
+2.010000E-03,+1.951597991E+00,+3.038944765E+00
+2.012500E-03,+1.966673368E+00,+3.981155828E+00
+2.015000E-03,+1.901346736E+00,+4.910804076E+00
+2.017500E-03,+1.901346736E+00,+5.815326696E+00
+2.020000E-03,+1.846070354E+00,+6.657035246E+00
+2.022500E-03,+2.032000001E+00,+7.825376963E+00
+2.025000E-03,+2.032000001E+00,+8.805276468E+00
+2.027500E-03,+1.750592968E+00,+9.571608133E+00
+2.030000E-03,+1.846070354E+00,+10.275125726E+00
+2.032500E-03,+1.685266336E+00,+11.481155886E+00
+2.035000E-03,+1.740542717E+00,+12.548995091E+00
+2.037500E-03,+1.670190959E+00,+13.390703640E+00
+2.040000E-03,+1.710391964E+00,+13.353015197E+00
+2.042500E-03,+1.645065331E+00,+13.227387056E+00
+2.045000E-03,+1.549587945E+00,+13.290201127E+00
+2.047500E-03,+1.499336690E+00,+13.390703640E+00
+2.050000E-03,+1.418934681E+00,+13.353015197E+00
+2.052500E-03,+1.418934681E+00,+13.252512684E+00
+2.055000E-03,+1.418934681E+00,+13.227387056E+00
+2.057500E-03,+1.348582922E+00,+13.428392082E+00
+2.060000E-03,+1.283256290E+00,+13.227387056E+00
+2.062500E-03,+1.388783927E+00,+13.227387056E+00
+2.065000E-03,+1.338532671E+00,+13.353015197E+00
+2.067500E-03,+1.243055285E+00,+13.390703640E+00
+2.070000E-03,+1.177728653E+00,+13.227387056E+00
+2.072500E-03,+1.107376895E+00,+13.390703640E+00
+2.075000E-03,+1.122452272E+00,+13.227387056E+00
+2.077500E-03,+1.016924635E+00,+13.189698613E+00
+2.080000E-03,+1.016924635E+00,+13.428392082E+00
+2.082500E-03,+961.648253E-03,+13.227387056E+00
+2.085000E-03,+961.648253E-03,+13.353015197E+00
+2.087500E-03,+936.522625E-03,+13.227387056E+00
+2.090000E-03,+906.371872E-03,+13.428392082E+00
+2.092500E-03,+775.718607E-03,+13.227387056E+00
+2.095000E-03,+856.120616E-03,+13.290201127E+00
+2.097500E-03,+775.718607E-03,+13.390703640E+00
+2.100000E-03,+775.718607E-03,+13.428392082E+00
+2.102500E-03,+775.718607E-03,+13.428392082E+00
+2.105000E-03,+720.442226E-03,+13.353015197E+00
+2.107500E-03,+614.914589E-03,+13.252512684E+00
+2.110000E-03,+640.040217E-03,+13.227387056E+00
+2.112500E-03,+614.914589E-03,+13.428392082E+00
+2.115000E-03,+534.512579E-03,+13.152010171E+00
+2.117500E-03,+454.110570E-03,+13.051507657E+00
+2.120000E-03,+504.361826E-03,+13.227387056E+00
+2.122500E-03,+383.758812E-03,+13.252512684E+00
+2.125000E-03,+373.708561E-03,+13.227387056E+00
+2.127500E-03,+373.708561E-03,+13.428392082E+00
+2.130000E-03,+263.155798E-03,+13.353015197E+00
+2.132500E-03,+358.633184E-03,+13.252512684E+00
+2.135000E-03,+182.753789E-03,+13.227387056E+00
+2.137500E-03,+212.904543E-03,+13.227387056E+00
+2.140000E-03,+212.904543E-03,+13.227387056E+00
+2.142500E-03,+117.427157E-03,+13.227387056E+00
+2.145000E-03,+182.753789E-03,+13.152010171E+00
+2.147500E-03,+52.100524E-03,+13.390703640E+00
+2.150000E-03,+102.351780E-03,+13.353015197E+00
+2.152500E-03,+37.025148E-03,+13.227387056E+00
+2.155000E-03,-3.175857E-03,+13.290201127E+00
+2.157500E-03,-28.301485E-03,+13.227387056E+00
+2.160000E-03,-58.452238E-03,+13.227387056E+00
+2.162500E-03,-179.055252E-03,+13.227387056E+00
+2.165000E-03,-138.854248E-03,+13.353015197E+00
+2.167500E-03,-189.105503E-03,+13.227387056E+00
+2.170000E-03,-189.105503E-03,+13.227387056E+00
+2.172500E-03,-269.507512E-03,+13.252512684E+00
+2.175000E-03,-269.507512E-03,+13.353015197E+00
+2.177500E-03,-284.582889E-03,+13.227387056E+00
+2.180000E-03,-349.909522E-03,+13.227387056E+00
+2.182500E-03,-299.658266E-03,+13.390703640E+00
+2.185000E-03,-430.311531E-03,+13.290201127E+00
+2.187500E-03,-430.311531E-03,+13.227387056E+00
+2.190000E-03,-485.587912E-03,+13.227387056E+00
+2.192500E-03,-581.065298E-03,+13.252512684E+00
+2.195000E-03,-565.989921E-03,+13.227387056E+00
+2.197500E-03,-581.065298E-03,+13.227387056E+00
+2.200000E-03,-591.115549E-03,+13.290201127E+00
+2.202500E-03,-591.115549E-03,+13.227387056E+00
+2.205000E-03,-726.793940E-03,+13.353015197E+00
+2.207500E-03,-671.517558E-03,+13.227387056E+00
+2.210000E-03,-726.793940E-03,+13.227387056E+00
+2.212500E-03,-751.919568E-03,+13.026382029E+00
+2.215000E-03,-751.919568E-03,+13.353015197E+00
+2.217500E-03,-751.919568E-03,+13.227387056E+00
+2.220000E-03,-782.070321E-03,+13.227387056E+00
+2.222500E-03,-912.723586E-03,+13.227387056E+00
+2.225000E-03,-942.874339E-03,+13.227387056E+00
+2.227500E-03,-967.999967E-03,+13.026382029E+00
+2.230000E-03,-993.125595E-03,+13.227387056E+00
+2.232500E-03,-1.008200972E+00,+13.252512684E+00
+2.235000E-03,-1.023276349E+00,+13.227387056E+00
+2.237500E-03,-1.008200972E+00,+13.227387056E+00
+2.240000E-03,-1.103678358E+00,+13.428392082E+00
+2.242500E-03,-1.234331623E+00,+13.227387056E+00
+2.245000E-03,-1.153929614E+00,+13.152010171E+00
+2.247500E-03,-1.224281372E+00,+13.252512684E+00
+2.250000E-03,-1.289608004E+00,+13.491206153E+00
+2.252500E-03,-1.314733632E+00,+13.227387056E+00
+2.255000E-03,-1.289608004E+00,+13.353015197E+00
+2.257500E-03,-1.329809009E+00,+13.252512684E+00
+2.260000E-03,-1.395135641E+00,+13.353015197E+00
+2.262500E-03,-1.395135641E+00,+13.227387056E+00
+2.265000E-03,-1.425286395E+00,+13.428392082E+00
+2.267500E-03,-1.475537650E+00,+13.227387056E+00
+2.270000E-03,-1.505688404E+00,+13.227387056E+00
+2.272500E-03,-1.555939659E+00,+12.888191073E+00
+2.275000E-03,-1.586090413E+00,+12.222361922E+00
+2.277500E-03,-1.555939659E+00,+11.305276488E+00
+2.280000E-03,-1.611216041E+00,+9.998743814E+00
+2.282500E-03,-1.706693427E+00,+8.805276468E+00
+2.285000E-03,-1.691618050E+00,+8.064070432E+00
+2.287500E-03,-1.716743678E+00,+7.059045299E+00
+2.290000E-03,-1.772020059E+00,+6.054020165E+00
+2.292500E-03,-1.772020059E+00,+4.847990005E+00
+2.295000E-03,-1.746894431E+00,+4.383165881E+00
+2.297500E-03,-1.716743678E+00,+3.202261349E+00
+2.300000E-03,-1.797145687E+00,+2.172110587E+00
+2.302500E-03,-1.787095436E+00,+1.368090481E+00
+2.305000E-03,-1.797145687E+00,+162.060320E-03
+2.307500E-03,-2.430311509E+00,-616.834158E-03
+2.310000E-03,-1.797145687E+00,-38.944706E-03
+2.312500E-03,-1.787095436E+00,-842.964813E-03
+2.315000E-03,-1.666492422E+00,-1.923366832E+00
+2.317500E-03,-1.716743678E+00,-2.878140708E+00
+2.320000E-03,-1.666492422E+00,-3.920854284E+00
+2.322500E-03,-1.731819055E+00,-5.189698515E+00
+2.325000E-03,-1.666492422E+00,-5.930904551E+00
+2.327500E-03,-1.636341669E+00,-7.074120641E+00
+2.330000E-03,-1.636341669E+00,-8.141959845E+00
+2.332500E-03,-1.636341669E+00,-8.883165881E+00
+2.335000E-03,-1.636341669E+00,-9.888191015E+00
+2.337500E-03,-1.545889408E+00,-11.056532732E+00
+2.340000E-03,-1.530814032E+00,-11.898241282E+00
+2.342500E-03,-1.475537650E+00,-12.903266415E+00
+2.345000E-03,-1.475537650E+00,-13.569095566E+00
+2.347500E-03,-1.329809009E+00,-13.832914663E+00
+2.350000E-03,-1.344884385E+00,-13.569095566E+00
+2.352500E-03,-1.314733632E+00,-13.669598079E+00
+2.355000E-03,-1.264482376E+00,-13.631909637E+00
+2.357500E-03,-1.224281372E+00,-13.368090539E+00
+2.360000E-03,-1.153929614E+00,-13.569095566E+00
+2.362500E-03,-1.088602981E+00,-13.506281495E+00
+2.365000E-03,-1.073527604E+00,-13.506281495E+00
+2.367500E-03,-993.125595E-03,-13.506281495E+00
+2.370000E-03,-967.999967E-03,-13.506281495E+00
+2.372500E-03,-983.075344E-03,-13.669598079E+00
+2.375000E-03,-887.597958E-03,-13.506281495E+00
+2.377500E-03,-912.723586E-03,-13.707286522E+00
+2.380000E-03,-832.321577E-03,-13.368090539E+00
+2.382500E-03,-766.994944E-03,-13.707286522E+00
+2.385000E-03,-751.919568E-03,-13.506281495E+00
+2.387500E-03,-751.919568E-03,-13.506281495E+00
+2.390000E-03,-726.793940E-03,-13.631909637E+00
+2.392500E-03,-661.467307E-03,-13.707286522E+00
+2.395000E-03,-671.517558E-03,-13.569095566E+00
+2.397500E-03,-591.115549E-03,-13.669598079E+00
+2.400000E-03,-485.587912E-03,-13.368090539E+00
+2.402500E-03,-500.663289E-03,-13.506281495E+00
+2.405000E-03,-460.462284E-03,-13.569095566E+00
+2.407500E-03,-364.984898E-03,-13.707286522E+00
+2.410000E-03,-430.311531E-03,-13.569095566E+00
+2.412500E-03,-349.909522E-03,-13.669598079E+00
+2.415000E-03,-349.909522E-03,-13.569095566E+00
+2.417500E-03,-269.507512E-03,-13.707286522E+00
+2.420000E-03,-244.381885E-03,-13.707286522E+00
+2.422500E-03,-204.180880E-03,-13.669598079E+00
+2.425000E-03,-219.256257E-03,-13.707286522E+00
+2.427500E-03,-189.105503E-03,-13.531407123E+00
+2.430000E-03,-108.703494E-03,-13.631909637E+00
+2.432500E-03,-108.703494E-03,-13.531407123E+00
+2.435000E-03,-58.452238E-03,-13.569095566E+00
+2.437500E-03,+37.025148E-03,-13.531407123E+00
+2.440000E-03,-3.175857E-03,-13.569095566E+00
+2.442500E-03,-28.301485E-03,-13.707286522E+00
+2.445000E-03,+77.226152E-03,-13.506281495E+00
+2.447500E-03,+132.502533E-03,-13.669598079E+00
+2.450000E-03,+132.502533E-03,-13.707286522E+00
+2.452500E-03,+212.904543E-03,-13.531407123E+00
+2.455000E-03,+238.030171E-03,-13.569095566E+00
+2.457500E-03,+293.306552E-03,-13.531407123E+00
+2.460000E-03,+293.306552E-03,-13.707286522E+00
+2.462500E-03,+358.633184E-03,-13.531407123E+00
+2.465000E-03,+373.708561E-03,-13.569095566E+00
+2.467500E-03,+373.708561E-03,-13.669598079E+00
+2.470000E-03,+454.110570E-03,-13.506281495E+00
+2.472500E-03,+439.035194E-03,-13.707286522E+00
+2.475000E-03,+504.361826E-03,-13.707286522E+00
+2.477500E-03,+544.562831E-03,-13.506281495E+00
+2.480000E-03,+584.763835E-03,-13.707286522E+00
+2.482500E-03,+599.839212E-03,-13.669598079E+00
+2.485000E-03,+559.638207E-03,-13.631909637E+00
+2.487500E-03,+624.964840E-03,-13.707286522E+00
+2.490000E-03,+695.316598E-03,-13.569095566E+00
+2.492500E-03,+775.718607E-03,-13.506281495E+00
+2.495000E-03,+745.567854E-03,-13.506281495E+00
+2.497500E-03,+841.045239E-03,-13.531407123E+00
